Date,Open Price,High Price,Low Price,Close Price,WAP,No.of Shares,No. of Trades,Total Turnover (Rs.),Deliverable Quantity,% Deli. Qty to Traded Qty,Spread High-Low,Spread Close-Open
4-February-2020,111.50,114.55,111.45,114.15,113.444247006583742765,507614,3232,57585888.00,153199,30.18,3.10,2.65
3-February-2020,109.80,113.45,108.25,111.05,110.885149469954959903,582592,5341,64600801.00,178957,30.72,5.20,1.25
1-February-2020,118.60,118.60,108.20,109.80,114.901732487339515595,1444455,8277,165970382.00,832497,57.63,10.40,-8.80
31-January-2020,118.00,118.65,114.90,117.15,116.925833369908707865,364544,2107,42624611.00,49561,13.60,3.75,-0.85
30-January-2020,120.70,120.70,115.70,117.05,117.717348759847904464,1136917,7191,133834855.00,759176,66.77,5.00,-3.65
29-January-2020,119.20,120.50,119.05,119.95,119.915457495083518198,524257,2037,62866518.00,171786,32.77,1.45,0.75
28-January-2020,119.80,120.60,117.85,119.25,119.624547231969802279,707868,3110,84678389.00,274934,38.84,2.75,-0.55
27-January-2020,119.40,120.70,118.30,119.40,119.316601717151329783,644090,3203,76850630.00,290597,45.12,2.40,0.00
24-January-2020,119.10,122.00,118.50,119.90,120.788495686787837170,745616,4289,90061835.00,297484,39.90,3.50,0.80
23-January-2020,117.10,119.90,117.00,119.05,118.702566703124653725,767093,7154,91055908.00,347724,45.33,2.90,1.95
22-January-2020,119.10,120.15,116.70,117.10,117.798157312953798157,445545,5180,52484380.00,108762,24.41,3.45,-2.00
21-January-2020,116.80,119.50,116.20,119.10,118.326397843041602820,988058,4795,116913344.00,136585,13.82,3.30,2.30
20-January-2020,126.90,126.90,117.50,118.15,120.373720956004580547,1055769,7116,127086843.00,248847,23.57,9.40,-8.75
17-January-2020,126.90,129.10,126.35,127.25,127.643566617536806078,665583,4996,84957388.00,116542,17.51,2.75,0.35
16-January-2020,126.05,127.40,125.25,126.00,126.003880421326081220,246365,2532,31042946.00,56749,23.03,2.15,-0.05
15-January-2020,126.20,128.00,125.10,126.65,126.561927150923013160,441543,5007,55882533.00,64062,14.51,2.90,0.45
14-January-2020,127.75,127.75,125.80,126.10,126.637488966984886799,554019,4246,70159575.00,114641,20.69,1.95,-1.65
13-January-2020,123.25,127.00,122.60,126.70,124.811721678814532843,1004566,6325,125381612.00,168525,16.78,4.40,3.45
10-January-2020,123.50,125.25,120.30,121.85,123.036379352250832583,621259,3031,76437458.00,93079,14.98,4.95,-1.65
9-January-2020,121.00,124.25,120.60,123.15,123.072639850153245950,708991,3861,87257394.00,166269,23.45,3.65,2.15
8-January-2020,113.95,120.65,112.75,120.15,117.389129037799594072,785855,4722,92250834.00,155465,19.78,7.90,6.20
7-January-2020,114.65,117.00,114.00,116.30,115.841173312736987062,471281,3011,54593744.00,85292,18.10,3.00,1.65
6-January-2020,117.00,117.60,111.60,112.65,114.257436096113153095,609157,3141,69600717.00,142897,23.46,6.00,-4.35
3-January-2020,121.45,122.05,118.00,118.50,119.997657191115760051,466534,1915,55982987.00,105385,22.59,4.05,-2.95
2-January-2020,118.25,122.20,118.10,120.95,120.804682413604520951,767980,3586,92775580.00,151431,19.72,4.10,2.70
1-January-2020,118.90,119.50,117.45,118.05,118.367504147412056247,241717,2216,28611438.00,35127,14.53,2.05,-0.85
31-December-2019,118.00,120.00,117.65,118.60,118.770000594322241519,302866,2323,35971395.00,54801,18.09,2.35,0.60
30-December-2019,118.50,120.00,117.15,118.75,118.486727776720725560,268041,3253,31759301.00,61779,23.05,2.85,0.25
27-December-2019,117.50,118.95,114.75,118.40,117.814968713676195248,574692,3882,67707320.00,137589,23.94,4.20,0.90
26-December-2019,115.40,115.55,114.00,114.45,114.690399757722592368,231140,1946,26509539.00,47273,20.45,1.55,-0.95
24-December-2019,116.10,116.40,114.55,114.95,115.341973235389616057,286423,1583,33036594.00,45176,15.77,1.85,-1.15
23-December-2019,116.25,117.25,114.90,115.65,116.057106524618215487,341292,1539,39609362.00,61111,17.91,2.35,-0.60
20-December-2019,115.65,117.25,115.45,116.60,116.618240712305937904,511241,2470,59620026.00,65349,12.78,1.80,0.95
19-December-2019,116.70,117.40,114.90,115.25,116.192735732208394082,437594,2002,50845244.00,70518,16.11,2.50,-1.45
18-December-2019,118.60,118.60,115.80,116.50,116.698923144426145966,508239,2262,59310944.00,53643,10.55,2.80,-2.10
17-December-2019,116.00,119.20,115.15,118.30,117.516678244530606873,653546,3202,76802555.00,115139,17.62,4.05,2.30
16-December-2019,117.30,117.30,115.45,116.00,116.083007311723518764,625981,2411,72665757.00,210078,33.56,1.85,-1.30
13-December-2019,115.90,117.60,115.10,116.05,116.227969367206258229,826304,3269,96039636.00,86519,10.47,2.50,0.15
12-December-2019,117.15,117.15,113.90,115.10,115.160047500861668038,664409,3670,76513372.00,71410,10.75,3.25,-2.05
11-December-2019,115.15,117.85,113.80,116.05,115.601942438856428709,940982,4557,108779347.00,118565,12.60,4.05,0.90
10-December-2019,114.70,115.50,112.40,114.35,113.992803927004912310,1125336,3878,128280206.00,110902,9.86,3.10,-0.35
9-December-2019,113.00,116.65,112.25,114.40,114.278367893182822189,2075771,4337,237215722.00,115852,5.58,4.40,1.40
6-December-2019,116.60,116.60,111.90,113.10,114.327137921347640165,1665964,7498,190464896.00,180429,10.83,4.70,-3.50
5-December-2019,119.85,121.50,115.10,115.70,117.079151591362020673,2643396,6705,309486561.00,175595,6.64,6.40,-4.15
4-December-2019,116.80,119.75,115.45,119.10,118.344825065148635033,998486,4660,118165651.00,110751,11.09,4.30,2.30
3-December-2019,120.05,120.30,116.00,116.95,117.617747889109694359,889672,4825,104641217.00,147766,16.61,4.30,-3.10
2-December-2019,121.00,121.80,118.40,119.95,119.803066996140163745,1216891,9548,145787274.00,187177,15.38,3.40,-1.05
29-November-2019,115.95,123.50,115.95,120.40,120.471900935013029819,2763277,14570,332897233.00,447594,16.20,7.55,4.45
28-November-2019,108.70,115.35,107.75,114.50,111.755157901692228943,2209571,11717,246930956.00,400616,18.13,7.60,5.80
27-November-2019,103.30,108.80,103.30,107.65,107.228941472476549182,1567536,8873,168085226.00,297597,18.98,5.50,4.35
26-November-2019,105.25,105.80,101.10,102.90,103.248201686427831598,1191394,5408,123009288.00,182135,15.29,4.70,-2.35
25-November-2019,96.85,104.45,95.95,104.15,101.272513323514674845,2041691,9999,206767179.00,454082,22.24,8.50,7.30
22-November-2019,95.25,96.85,94.35,96.50,95.971956558582698400,808353,3083,77579219.00,139560,17.26,2.50,1.25
21-November-2019,99.80,99.85,95.60,95.95,97.049490687915898475,964929,3010,93645868.00,244062,25.29,4.25,-3.85
20-November-2019,100.00,100.45,98.55,99.05,99.425399117331198129,1054076,2960,104801927.00,237795,22.56,1.90,-0.95
19-November-2019,98.00,101.95,97.80,99.90,100.499116129910788462,1600914,4256,160890442.00,180468,11.27,4.15,1.90
18-November-2019,98.35,99.00,96.60,97.65,97.473676037147224222,940151,2078,91639974.00,114735,12.20,2.40,-0.70
15-November-2019,96.00,98.30,96.00,97.70,97.447835147659656146,364690,1515,35538251.00,93277,25.58,2.30,1.70
14-November-2019,96.00,96.40,93.40,95.80,95.355498119784352122,455001,1650,43386847.00,157214,34.55,3.00,-0.20
13-November-2019,99.00,100.40,95.25,95.70,98.991494123952009371,1205402,2583,119324545.00,179255,14.87,5.15,-3.30
11-November-2019,99.50,100.90,98.20,98.95,98.878121556449189289,698770,1947,69093065.00,89147,12.76,2.70,-0.55
8-November-2019,98.00,101.95,96.70,99.55,99.582556645073690514,1199001,3145,119399585.00,227285,18.96,5.25,1.55
7-November-2019,97.60,104.10,97.60,99.05,100.965426004739182219,1198097,5710,120966374.00,223156,18.63,6.50,1.45
6-November-2019,95.20,96.85,94.20,95.85,95.695329469294832332,430465,1537,41193490.00,88265,20.50,2.65,0.65
5-November-2019,96.70,98.05,95.00,95.40,96.342356055434919623,420457,2186,40507818.00,115677,27.51,3.05,-1.30
4-November-2019,97.20,99.00,96.00,96.70,97.485178782116697030,451751,2836,44039027.00,134479,29.77,3.00,-0.50
1-November-2019,95.90,97.95,95.40,96.75,96.878037055455669892,784230,2633,75974663.00,130377,16.62,2.55,0.85
31-October-2019,94.60,98.45,94.20,95.65,96.083515454960724426,893176,3871,85819490.00,135190,15.14,4.25,1.05
30-October-2019,95.00,95.70,93.00,93.60,94.551669239503006815,558398,2402,52797463.00,144533,25.88,2.70,-1.40
29-October-2019,89.50,95.55,89.30,94.85,93.473841221992687281,1056242,4814,98730997.00,409376,38.76,6.25,5.35
27-October-2019,90.00,90.45,89.15,89.50,89.645244403646756931,95866,937,8593931.00,62825,65.53,1.30,-0.50
25-October-2019,88.40,89.85,87.05,89.10,88.801986017041730391,457700,2033,40644669.00,58870,12.86,2.80,0.70
24-October-2019,88.10,90.10,87.50,88.40,88.900748788510526246,687377,2940,61108330.00,103611,15.07,2.60,0.30
23-October-2019,87.00,88.60,85.60,87.65,87.487553184188855339,582880,2699,50994745.00,80845,13.87,3.00,0.65
22-October-2019,84.20,90.80,83.95,86.65,87.744177878210578483,1759496,7101,154385530.00,382961,21.77,6.85,2.45
18-October-2019,86.70,86.70,83.80,85.35,85.053695366531876101,1963540,4169,167006333.00,1215320,61.89,2.90,-1.35
17-October-2019,83.85,85.90,80.75,85.55,83.613938324908733501,911616,3630,76223804.00,159523,17.50,5.15,1.70
16-October-2019,83.00,85.15,82.00,83.05,83.284787099208814961,1012279,2858,84307441.00,126017,12.45,3.15,0.05
15-October-2019,81.95,83.05,81.00,82.80,82.213377624285996593,425068,1826,34946276.00,116757,27.47,2.05,0.85
14-October-2019,81.05,83.35,80.50,81.65,81.920894933633239193,476594,2351,39043007.00,84100,17.65,2.85,0.60
11-October-2019,82.00,82.55,78.95,80.55,80.505157274038373770,766878,3109,61737634.00,137323,17.91,3.60,-1.45
10-October-2019,83.40,83.40,80.15,81.45,81.304771562474305917,547305,2370,44498508.00,88264,16.13,3.25,-1.95
9-October-2019,79.70,83.80,78.60,83.45,80.284177719296071523,1775294,4501,142528019.00,199250,11.22,5.20,3.75
7-October-2019,82.00,82.10,79.50,80.20,80.549127692460581763,1418823,5417,114284955.00,151920,10.71,2.60,-1.80
4-October-2019,83.00,83.80,80.00,80.60,81.632633253282599881,801575,3576,65434678.00,166396,20.76,3.80,-2.40
3-October-2019,84.10,85.90,81.00,82.05,82.895372280026881097,906213,4008,75120864.00,180982,19.97,4.90,-2.05
1-October-2019,85.25,86.55,80.20,83.15,83.517775979451335376,1675632,6465,139945058.00,248735,14.84,6.35,-2.10
30-September-2019,93.20,93.80,83.85,84.75,86.916348333358785453,1833508,8669,159361820.00,505607,27.58,9.95,-8.45
27-September-2019,96.00,96.15,92.90,93.15,94.078951175406871609,774200,2828,72835924.00,152125,19.65,3.25,-2.85
26-September-2019,94.95,96.65,93.20,96.00,95.011081027045161115,1180396,4243,112150700.00,130154,11.03,3.45,1.05
25-September-2019,96.70,96.70,93.25,94.15,94.612493146660160912,762402,3256,72132754.00,178979,23.48,3.45,-2.55
24-September-2019,100.00,101.15,96.65,97.10,98.752945570800485855,1062867,4025,104961247.00,194658,18.31,4.50,-2.90
23-September-2019,102.70,104.40,97.35,99.10,100.858939974027546948,2229285,8793,224843322.00,409653,18.38,7.05,-3.60
20-September-2019,91.90,100.35,90.10,99.10,96.315049921343251725,2023984,7954,194940120.00,452106,22.34,10.25,7.20
19-September-2019,92.50,92.50,89.60,90.75,90.615722497830107842,721234,2715,65355140.00,136037,18.86,2.90,-1.75
18-September-2019,92.30,93.25,91.60,92.15,92.451890378929133723,703113,2282,65004126.00,118183,16.81,1.65,-0.15
17-September-2019,95.30,95.55,91.55,91.85,93.486845593715765445,1199446,3318,112132423.00,176445,14.71,4.00,-3.45
16-September-2019,93.25,96.35,92.00,94.90,94.537395106285668834,804624,3321,76067057.00,85212,10.59,4.35,1.65
13-September-2019,96.95,96.95,90.80,93.35,92.484278829322721296,1602457,6687,148202080.00,184990,11.54,6.15,-3.60
12-September-2019,97.60,99.25,95.80,96.20,97.581758923395341441,798659,3454,77934550.00,110212,13.80,3.45,-1.40
11-September-2019,93.25,97.90,92.65,96.75,96.138144435563262988,1209799,4855,116307831.00,159349,13.17,5.25,3.50
9-September-2019,92.20,93.70,91.00,92.90,92.427792827882895419,715019,2794,66087628.00,112791,15.77,2.70,0.70
6-September-2019,92.00,93.45,90.95,91.85,92.335859118399204935,825090,2639,76185394.00,373469,45.26,2.50,-0.15
5-September-2019,93.00,93.95,91.45,91.70,92.398667190700942218,862539,2769,79697454.00,100634,11.67,2.50,-1.30
4-September-2019,92.50,92.70,89.55,91.30,90.964960898944651127,1027338,3261,93451761.00,82747,8.05,3.15,-1.20
3-September-2019,94.00,94.30,91.15,91.95,93.098328453283909854,513656,1881,47820515.00,131779,25.66,3.15,-2.05
30-August-2019,94.15,94.70,91.55,94.35,93.158687279572451695,924340,2930,86110301.00,71682,7.75,3.15,0.20
29-August-2019,95.50,95.90,91.90,93.05,93.618216022705654699,1040798,3463,97437652.00,253421,24.35,4.00,-2.45
28-August-2019,98.30,98.95,92.90,94.70,95.638180987669103576,901962,3818,86262005.00,149965,16.63,6.05,-3.60
27-August-2019,97.00,99.65,96.95,98.20,98.310995783957853702,1132816,3945,111368269.00,160409,14.16,2.70,1.20
26-August-2019,94.00,96.65,89.40,95.95,92.497805630262451403,1672462,7440,154699065.00,286784,17.15,7.25,1.95
23-August-2019,93.00,93.40,88.60,89.90,90.107863006553586697,1541446,7129,138896405.00,260097,16.87,4.80,-3.10
22-August-2019,97.50,97.50,92.05,93.10,94.460150752105121819,815511,3385,77033292.00,124305,15.24,5.45,-4.40
21-August-2019,98.00,98.85,95.50,96.60,97.026194688306999865,722971,3185,70147125.00,92417,12.78,3.35,-1.40
20-August-2019,105.00,105.00,97.30,98.15,99.078577051223532048,1463468,6731,144998327.00,198420,13.56,7.70,-6.85
19-August-2019,106.30,106.35,103.70,104.80,105.096679105344244272,516668,2252,54300091.00,59559,11.53,2.65,-1.50
16-August-2019,103.80,105.85,102.30,105.00,104.220676785944093362,590556,2471,61548146.00,66144,11.20,3.55,1.20
14-August-2019,101.90,104.45,101.00,103.80,102.935270541978236212,670931,3170,69062464.00,66238,9.87,3.45,1.90
13-August-2019,105.95,105.95,100.15,100.75,102.679695852581042099,793168,3232,81442249.00,74489,9.39,5.80,-5.20
9-August-2019,101.00,107.10,100.00,104.00,104.214695672657156922,1417914,7474,147767476.00,155559,10.97,7.10,3.00
8-August-2019,96.40,100.00,96.05,99.45,97.882669438972787626,822420,3322,80500665.00,104562,12.71,3.95,3.05
7-August-2019,99.90,101.75,95.60,96.20,99.241992742435201054,965062,4774,95774676.00,146178,15.15,6.15,-3.70
6-August-2019,94.10,99.55,94.10,98.70,97.433789258527687774,872804,3425,85040601.00,107726,12.34,5.45,4.60
5-August-2019,94.90,96.95,92.00,94.80,94.628354728907689304,747974,3164,70779549.00,77342,10.34,4.95,-0.10
2-August-2019,95.50,97.00,92.80,95.25,94.943422186086577944,1074962,5056,102060571.00,136429,12.69,4.20,-0.25
1-August-2019,97.40,100.35,94.20,96.20,97.143484377591030421,934715,4637,90801472.00,162923,17.43,6.15,-1.20
31-July-2019,97.00,99.40,94.15,99.05,97.031807255683062975,972231,4301,94337331.00,133391,13.72,5.25,2.05
30-July-2019,102.05,102.90,97.20,97.75,99.823494978218780251,661120,4813,65995309.00,152210,23.02,5.70,-4.30
29-July-2019,104.45,104.45,99.60,101.10,101.337598155260985543,732895,4034,74269819.00,124062,16.93,4.85,-3.35
26-July-2019,102.00,106.10,101.85,103.80,104.103908663901326265,801348,3943,83423459.00,104582,13.05,4.25,1.80
25-July-2019,102.90,104.00,100.25,102.15,102.059907685278325656,836053,4235,85327492.00,116012,13.88,3.75,-0.75
24-July-2019,107.65,108.50,102.40,102.75,104.361761964366561026,1126470,5437,117560394.00,219539,19.49,6.10,-4.90
23-July-2019,108.50,109.05,106.75,107.50,107.934061878287311583,680077,3086,73403473.00,115725,17.02,2.30,-1.00
22-July-2019,107.80,110.65,105.70,108.10,108.083037335372091690,1640214,6255,177279311.00,228296,13.92,4.95,0.30
19-July-2019,117.40,117.50,109.85,110.50,113.376839719798923559,1041395,5601,118070074.00,249281,23.94,7.65,-6.90
18-July-2019,122.50,122.50,116.80,117.20,118.728234549663714774,902359,3861,107135491.00,160761,17.82,5.70,-5.30
17-July-2019,120.20,123.85,120.20,122.35,121.984626648048762119,809973,2669,98804254.00,403702,49.84,3.65,2.15
16-July-2019,122.35,122.35,118.60,120.70,120.007675260205539476,731441,3193,87778534.00,119283,16.31,3.75,-1.65
15-July-2019,121.60,125.90,120.20,121.35,122.205921898817207564,856786,4251,104704323.00,116830,13.64,5.70,-0.25
12-July-2019,119.30,122.80,119.10,120.45,121.046049173130948096,530737,3234,64243617.00,77897,14.68,3.70,1.15
11-July-2019,119.50,120.85,117.70,119.90,119.369204956222196135,494086,2723,58978653.00,80521,16.30,3.15,0.40
10-July-2019,121.10,122.60,117.55,119.15,119.735905217875274054,650418,3388,77878388.00,93957,14.45,5.05,-1.95
9-July-2019,120.25,123.10,119.35,121.65,121.186459133718249873,683265,3408,82802466.00,83616,12.24,3.75,1.40
8-July-2019,125.50,125.50,119.35,121.10,121.912790793394688750,1093302,4582,133287498.00,195255,17.86,6.15,-4.40
5-July-2019,122.60,127.10,119.55,123.90,124.124049936571543741,2108675,9707,261737281.00,434230,20.59,7.55,1.30
4-July-2019,120.60,121.85,119.40,120.10,120.594368323708149322,662325,3311,79872665.00,168745,25.48,2.45,-0.50
3-July-2019,117.55,120.60,116.35,119.60,118.790996719888852650,696013,4134,82680078.00,135478,19.46,4.25,2.05
2-July-2019,118.00,118.00,114.80,116.55,116.080022966142490372,398848,2109,46298285.00,85218,21.37,3.20,-1.45
1-July-2019,115.50,117.60,114.85,117.30,116.257225477571111805,262474,1647,30514499.00,63835,24.32,2.75,1.80
28-June-2019,116.10,117.15,114.30,115.10,115.952886859676792815,898433,2381,104175900.00,88018,9.80,2.85,-1.00
27-June-2019,116.85,117.20,114.50,116.05,115.870193224225235882,382923,2233,44369362.00,111146,29.03,2.70,-0.80
26-June-2019,113.50,116.15,112.10,115.55,114.715812438874977162,465235,2477,53369811.00,121417,26.10,4.05,2.05
25-June-2019,115.00,115.00,112.00,113.15,112.900691271974825319,348922,1756,39393535.00,82986,23.78,3.00,-1.85
24-June-2019,114.50,115.15,112.35,113.75,113.622175145128896470,363470,1827,41298252.00,108898,29.96,2.80,-0.75
21-June-2019,114.85,115.85,111.70,114.20,113.901403540707488927,582313,3777,66326268.00,86018,14.77,4.15,-0.65
20-June-2019,108.00,114.10,106.20,113.45,110.189510098769084126,851886,5119,93868901.00,136532,16.03,7.90,5.45
19-June-2019,118.05,120.15,107.40,109.70,112.910235214712350042,1377890,7088,155577884.00,335802,24.37,12.75,-8.35
18-June-2019,118.00,120.70,115.40,117.15,118.415831341965896593,857451,3469,101535773.00,179759,20.96,5.30,-0.85
17-June-2019,120.35,121.00,117.00,117.35,118.364468415655728149,420319,2411,49750835.00,137935,32.82,4.00,-3.00
14-June-2019,121.80,123.00,120.00,120.60,121.393025614727054023,265199,1804,32193309.00,82415,31.08,3.00,-1.20
13-June-2019,121.85,122.30,118.35,122.05,120.655626264992683685,781131,3276,94247850.00,294376,37.69,3.95,0.20
12-June-2019,125.10,126.20,121.20,121.95,123.475774734736541310,398943,3936,49259796.00,131391,32.93,5.00,-3.15
11-June-2019,124.50,125.80,121.90,124.90,123.759415048708270234,442430,2772,54754878.00,89751,20.29,3.90,0.40
10-June-2019,126.05,127.15,123.15,124.10,124.616840300369721139,653195,2746,81399097.00,309510,47.38,4.00,-1.95
7-June-2019,127.50,129.65,124.05,124.90,126.305800557583637545,639904,3685,80823587.00,204545,31.96,5.60,-2.60
6-June-2019,136.45,136.45,126.25,126.80,129.389874468059885492,1265415,6717,163731888.00,394719,31.19,10.20,-9.65
4-June-2019,136.00,137.85,135.40,136.35,136.686313856997845888,298499,1981,40800728.00,91512,30.66,2.45,0.35
3-June-2019,134.05,136.80,132.65,136.15,135.287534889813685875,396964,2745,53704281.00,118690,29.90,4.15,2.10
31-May-2019,132.00,136.95,131.40,134.05,133.947803595090546491,896556,4445,120091707.00,163366,18.22,5.55,2.05
30-May-2019,133.00,133.90,130.85,131.60,132.233149252416062039,340430,2353,45016131.00,126289,37.10,3.05,-1.40
29-May-2019,130.85,134.15,129.75,132.85,132.729265497943571377,722612,6063,95911760.00,232285,32.15,4.40,2.00
28-May-2019,128.60,131.65,127.80,130.85,130.089009445981527296,553357,6007,71985664.00,168094,30.38,3.85,2.25
27-May-2019,129.80,130.00,127.45,127.80,128.573612249489738521,497784,5269,64001887.00,164406,33.03,2.55,-2.00
24-May-2019,124.40,129.00,124.40,128.10,127.388187724675293395,996438,9788,126934431.00,326970,32.81,4.60,3.70
23-May-2019,125.00,128.85,122.70,123.55,125.998499355356878659,851634,4643,107304606.00,160457,18.84,6.15,-1.45
22-May-2019,125.00,125.00,120.40,123.15,122.503625085934542982,647295,3253,79295984.00,129289,19.97,4.60,-1.85
21-May-2019,127.00,130.35,123.70,124.80,126.554185164588301458,636558,3670,80559079.00,122633,19.26,6.65,-2.20
20-May-2019,122.00,127.00,121.65,126.10,124.763499390747577822,876484,4773,109353211.00,229091,26.14,5.35,4.10
17-May-2019,116.70,118.00,115.90,117.20,117.035513336828296640,413929,2106,48444393.00,128994,31.16,2.10,0.50
16-May-2019,117.40,118.50,114.45,116.85,115.698602928410208924,431975,2409,49978904.00,113860,26.36,4.05,-0.55
15-May-2019,119.00,119.75,115.65,116.25,117.621845736590371822,436552,2572,51348052.00,103297,23.66,4.10,-2.75
14-May-2019,114.95,119.80,113.70,118.40,117.681263520237828829,549639,3005,64682212.00,140851,25.63,6.10,3.45
13-May-2019,121.00,121.00,114.30,114.90,117.062084588991042781,574732,3367,67279326.00,212695,37.01,6.70,-6.10
10-May-2019,120.50,122.90,119.75,121.00,121.300635088587705575,440411,2417,53422134.00,110343,25.05,3.15,0.50
9-May-2019,120.00,122.45,118.65,120.85,120.727355690560970936,725403,3740,87575986.00,234510,32.33,3.80,0.85
8-May-2019,123.00,123.05,118.20,118.70,120.143918385751324540,620970,3505,74605769.00,249146,40.12,4.85,-4.30
7-May-2019,125.00,125.45,122.00,122.45,123.906023291945403885,389405,2403,48249625.00,148674,38.18,3.45,-2.55
6-May-2019,126.00,127.85,123.15,123.75,125.165351980785451842,559576,3395,70039527.00,234817,41.96,4.70,-2.25
3-May-2019,130.10,131.25,126.30,127.25,127.706118302227573750,664400,4303,84847945.00,196650,29.60,4.95,-2.85
2-May-2019,131.95,133.95,129.40,130.85,131.659934402057208334,450319,2557,59288970.00,138130,30.67,4.55,-1.10
30-April-2019,136.75,136.75,129.70,131.10,131.546008014535791906,886639,6401,116633821.00,249036,28.09,7.05,-5.65
26-April-2019,138.00,138.85,136.40,137.85,137.677704966704839462,282924,1605,38952327.00,53082,18.76,2.45,-0.15
25-April-2019,139.95,140.40,136.60,137.20,138.300067484496018802,515674,2906,71317749.00,93329,18.10,3.80,-2.75
24-April-2019,139.00,140.85,138.25,139.75,139.356055677923224115,262869,2952,36632387.00,67426,25.65,2.60,0.75
23-April-2019,140.90,142.20,137.90,139.40,140.076856748677856978,400108,2521,56045871.00,86947,21.73,4.30,-1.50
22-April-2019,146.20,146.60,140.00,140.60,143.286410013442341171,363032,2125,52017552.00,121357,33.43,6.60,-5.60
18-April-2019,149.05,150.75,145.05,146.15,146.932494064725727852,352132,1743,51739633.00,84593,24.02,5.70,-2.90
16-April-2019,152.20,152.20,149.00,149.40,150.657394749551820957,244322,1470,36808916.00,60973,24.96,3.20,-2.80
15-April-2019,147.95,151.70,146.95,150.90,149.934651812606597234,551140,2603,82634984.00,201382,36.54,4.75,2.95
12-April-2019,147.85,148.25,145.90,146.95,146.897416827990343002,267578,1366,39306517.00,71882,26.86,2.35,-0.90
11-April-2019,146.35,147.80,144.50,147.05,145.974682455486423717,383647,2083,56002749.00,73291,19.10,3.30,0.70
10-April-2019,148.95,149.35,145.10,145.45,147.347396387538219091,593944,3942,87516102.00,178856,30.11,4.25,-3.50
9-April-2019,148.75,149.00,145.25,147.85,147.038747313803284494,378323,2227,55628140.00,61443,16.24,3.75,-0.90
8-April-2019,152.55,153.10,147.65,148.70,149.956927541394522434,460387,2106,69038220.00,84326,18.32,5.45,-3.85
5-April-2019,150.00,152.40,148.70,152.00,150.623852859970879710,496561,2333,74793931.00,83107,16.74,3.70,2.00
4-April-2019,152.90,152.90,148.20,149.50,150.670629219563042552,476797,2354,71839304.00,126831,26.60,4.70,-3.40
3-April-2019,152.00,155.85,151.75,152.30,153.891126200604352282,719117,4358,110665725.00,139389,19.38,4.10,0.30
2-April-2019,152.20,153.05,149.60,150.75,151.303887752625922972,346164,1692,52375959.00,45582,13.17,3.45,-1.45
1-April-2019,153.00,154.65,151.30,152.20,153.061185043319192587,395783,2294,60579015.00,91536,23.13,3.35,-0.80
29-March-2019,153.30,153.30,150.55,152.45,152.001679765544253917,506023,2887,76916346.00,82100,16.22,2.75,-0.85
28-March-2019,155.00,155.45,151.70,153.50,153.379822653585637074,1246487,6681,191185955.00,264305,21.20,3.75,-1.50
27-March-2019,149.00,152.90,148.05,151.50,150.719946265539912479,942412,5030,142040286.00,234543,24.89,4.85,2.50
26-March-2019,144.65,148.45,144.50,147.60,147.038969919067155281,410958,2003,60426841.00,81153,19.75,3.95,2.95
25-March-2019,145.40,145.40,142.65,144.00,143.925854852298105082,299116,1570,43050526.00,61989,20.72,2.75,-1.40
22-March-2019,145.60,148.70,145.15,145.95,146.771409982198495362,524113,2383,76924804.00,149160,28.46,3.55,0.35
20-March-2019,146.80,147.60,143.95,145.50,145.565637766795498323,399229,1960,58114024.00,62012,15.53,3.65,-1.30
19-March-2019,149.90,149.90,145.80,146.80,147.552597534005001373,276724,1415,40831345.00,66925,24.18,4.10,-3.10
18-March-2019,147.95,150.20,146.55,148.70,149.180575367235130937,647065,3857,96529529.00,172234,26.62,3.65,0.75
15-March-2019,144.00,148.80,143.95,146.55,147.122818492597093917,668116,3622,98295109.00,162378,24.30,4.85,2.55
14-March-2019,145.10,146.55,143.05,143.45,144.176897386964180857,1907360,2375,274997247.00,1531451,80.29,3.50,-1.65
13-March-2019,147.85,147.85,144.40,145.10,145.888985530165256582,417351,1989,60886914.00,98182,23.53,3.45,-2.75
12-March-2019,146.70,148.60,145.75,146.85,147.059203722854188210,518312,3142,76222550.00,116933,22.56,2.85,0.15
11-March-2019,142.40,145.90,141.95,144.60,144.414680223996998248,458399,2823,66199545.00,136012,29.67,3.95,2.20
8-March-2019,141.40,143.45,139.65,141.70,142.092611646451255466,606468,3321,86174622.00,151279,24.94,3.80,0.30
7-March-2019,141.25,141.75,138.75,140.70,140.635010685995807643,487554,2301,68567162.00,140214,28.76,3.00,-0.55
6-March-2019,137.00,142.95,137.00,141.05,140.851134255067689258,1027194,5206,144681440.00,221910,21.60,5.95,4.05
5-March-2019,128.00,136.10,127.60,135.35,133.061557567253095477,1059691,5071,141004135.00,218123,20.58,8.50,7.35
1-March-2019,125.00,128.70,124.70,128.00,127.443043030077338643,555867,2699,70841382.00,137179,24.68,4.00,3.00
28-February-2019,124.30,125.80,123.35,124.30,124.055370289820050585,372438,1976,46202934.00,70818,19.01,2.45,0.00
27-February-2019,124.80,127.15,122.70,124.00,124.816808911133748701,599789,2809,74863749.00,82098,13.69,4.45,-0.80
26-February-2019,124.90,126.05,121.75,124.00,124.226493647983502266,565411,2834,70239026.00,89737,15.87,4.30,-0.90
25-February-2019,127.80,127.95,125.30,126.45,126.404791305813160068,361989,3794,45757144.00,117818,32.55,2.65,-1.35
22-February-2019,127.95,128.95,125.70,126.45,127.299498185906280341,489225,3681,62278097.00,101949,20.84,3.25,-1.50
21-February-2019,125.00,127.80,123.75,127.20,126.078260849874265890,883213,5039,111353959.00,280450,31.75,4.05,2.20
20-February-2019,124.00,124.50,122.70,124.25,123.757825605614245773,266465,1655,32977129.00,49586,18.61,1.80,0.25
19-February-2019,119.05,125.50,119.05,122.70,123.737652881070647749,437268,2517,54106516.00,65713,15.03,6.45,3.65
18-February-2019,125.00,127.10,121.50,121.95,123.872290737780768907,594350,6013,73623496.00,125957,21.19,5.60,-3.05
15-February-2019,125.50,127.75,123.10,125.75,125.075591110987197605,573877,2825,71778005.00,70984,12.37,4.65,0.25
14-February-2019,123.00,127.75,120.05,127.20,123.803497141822765417,905997,6677,112165597.00,204029,22.52,7.70,4.20
13-February-2019,127.10,127.10,122.50,122.85,124.148547589951009549,369868,2635,45918575.00,100338,27.13,4.60,-4.25
12-February-2019,125.50,128.00,124.85,125.60,126.422334573066790640,258120,1625,32632133.00,55946,21.67,3.15,0.10
11-February-2019,128.85,128.85,123.80,125.60,125.563964781148234570,623984,2864,78349905.00,96782,15.51,5.05,-3.25
8-February-2019,133.00,134.20,128.25,128.85,129.896220130835055596,1053846,4296,136890612.00,128749,12.22,5.95,-4.15
7-February-2019,129.00,137.05,128.20,135.45,133.517459761617576488,771030,4521,102945967.00,164852,21.38,8.85,6.45
6-February-2019,127.00,129.30,125.65,128.55,127.130904664896707434,815838,2447,103718223.00,83400,10.22,3.65,1.55
5-February-2019,128.00,129.85,125.05,126.45,127.500377602411458324,615727,2987,78505425.00,106789,17.34,4.80,-1.55
4-February-2019,130.25,130.25,126.05,127.45,127.904648623624216851,717137,3245,91725156.00,78646,10.97,4.20,-2.80
1-February-2019,130.10,134.70,128.20,130.25,131.337036169572054739,777062,3701,102057020.00,111146,14.30,6.50,0.15
31-January-2019,134.00,134.45,128.35,131.45,130.402141798959613474,475208,2606,61968141.00,105539,22.21,6.10,-2.55
30-January-2019,132.60,133.20,129.30,132.50,131.495868854853137151,547790,2613,72032122.00,84571,15.44,3.90,-0.10
29-January-2019,127.55,132.30,127.15,130.90,129.337537787970395079,613952,2517,79407040.00,119589,19.48,5.15,3.35
28-January-2019,134.50,134.85,124.55,128.10,127.944484497539762524,1568751,15163,200713038.00,311629,19.86,10.30,-6.40
25-January-2019,138.00,138.60,132.80,134.50,135.935170574324184403,724347,3455,98464233.00,132809,18.33,5.80,-3.50
24-January-2019,137.70,138.05,135.80,137.45,136.910637568757291485,396867,2017,54335314.00,72216,18.20,2.25,-0.25
23-January-2019,137.95,138.35,135.70,136.55,136.677406320283612244,393495,2354,53781876.00,61169,15.55,2.65,-1.40
22-January-2019,139.80,140.90,135.25,136.90,137.392284642376783487,1771739,8271,243423269.00,161469,9.11,5.65,-2.90
21-January-2019,140.95,141.80,137.65,140.00,139.859604721735111283,1155338,4853,161585116.00,90436,7.83,4.15,-0.95
18-January-2019,142.35,142.35,138.50,140.60,140.096176199501683391,365631,1871,51223505.00,59347,16.23,3.85,-1.75
17-January-2019,142.15,144.15,140.35,141.45,142.156820205618068485,555885,2523,79022844.00,69846,12.56,3.80,-0.70
16-January-2019,142.20,144.20,141.30,141.95,142.594301652651816751,411944,2326,58740867.00,84088,20.41,2.90,-0.25
15-January-2019,137.35,142.00,137.00,141.00,139.871620872457641800,577220,2953,80736697.00,123727,21.43,5.00,3.65
14-January-2019,140.60,140.65,135.15,136.25,136.615164262338072416,747402,5231,102106447.00,191911,25.68,5.50,-4.35
11-January-2019,145.70,145.70,139.75,141.60,141.141079483589982890,758622,3789,107072728.00,115720,15.25,5.95,-4.10
10-January-2019,144.95,146.00,143.40,144.45,144.509473962310351604,310377,2151,44852417.00,60860,19.61,2.60,-0.50
9-January-2019,149.00,150.10,142.70,144.75,145.359253688820571261,754645,3811,109694634.00,126940,16.82,7.40,-4.25
8-January-2019,144.00,148.80,144.00,148.15,147.720925497620174490,559915,2338,82711162.00,237485,42.41,4.80,4.15
7-January-2019,146.00,148.90,145.30,145.80,146.728007335414887676,460233,2573,67529071.00,109551,23.80,3.60,-0.20
4-January-2019,145.95,146.75,142.40,144.30,144.225428560444987240,676334,7909,97544561.00,162769,24.07,4.35,-1.65
3-January-2019,150.70,151.25,145.00,145.50,147.123143668810762860,556878,5029,81929642.00,122667,22.03,6.25,-5.20
2-January-2019,153.85,154.35,149.70,150.70,151.940732426953651521,376884,3610,57264031.00,70071,18.59,4.65,-3.15
1-January-2019,154.35,154.35,151.80,153.15,152.995587741812608265,220522,1963,33738893.00,40903,18.55,2.55,-1.20
31-December-2018,155.90,156.65,152.20,152.95,153.800187760425097001,432466,2659,66513352.00,94678,21.89,4.45,-2.95
28-December-2018,155.00,156.00,153.50,154.50,154.683212639497221375,331279,2358,51243300.00,43523,13.14,2.50,-0.50
27-December-2018,156.00,156.90,152.85,154.20,155.415660993828450732,454505,4067,70637195.00,99392,21.87,4.05,-1.80
26-December-2018,151.75,155.95,149.55,154.55,153.208153703576577195,582680,3965,89271327.00,87555,15.03,6.40,2.80
24-December-2018,153.30,154.60,149.45,152.40,152.621602719070880271,641984,3725,97980627.00,162401,25.30,5.15,-0.90
21-December-2018,158.45,159.20,150.10,151.25,154.307495156998526068,867747,4363,133899866.00,244587,28.19,9.10,-7.20
20-December-2018,154.95,158.00,153.80,157.15,156.743430071035641671,1065803,4991,167057618.00,223514,20.97,4.20,2.20
19-December-2018,147.60,156.50,147.60,155.60,153.165145969301197651,1586772,7744,243038165.00,409351,25.80,8.90,8.00
18-December-2018,146.90,149.80,145.80,146.90,147.516685596092227854,433188,2470,63902458.00,64646,14.92,4.00,0.00
17-December-2018,147.50,148.00,146.10,147.40,147.096480130062219614,327228,1892,48134087.00,45009,13.75,1.90,-0.10
14-December-2018,145.00,148.35,143.60,146.80,146.766736718684015719,402558,2107,59082124.00,79090,19.65,4.75,1.80
13-December-2018,145.00,148.85,144.20,145.15,146.534367749244621670,827069,3991,121194033.00,166420,20.12,4.65,0.15
12-December-2018,139.35,144.60,138.20,144.15,142.722458820852903217,470323,2749,67125655.00,87675,18.64,6.40,4.80
11-December-2018,132.00,138.70,131.25,137.70,136.022754206037531281,634564,3076,86315143.00,53942,8.50,7.45,5.70
10-December-2018,134.00,135.90,132.05,133.80,134.401001585803652212,411148,2201,55258703.00,83827,20.39,3.85,-0.20
7-December-2018,140.90,140.90,135.65,138.95,138.309761737747646120,1153309,5779,159513893.00,235825,20.45,5.25,-1.95
6-December-2018,142.90,144.80,138.30,139.10,141.983219271761388474,782326,4647,111077164.00,113812,14.55,6.50,-3.80
5-December-2018,145.95,146.00,143.10,144.10,144.010032862055789071,327125,2614,47109282.00,78337,23.95,2.90,-1.85
4-December-2018,144.20,148.00,143.10,145.80,145.729053780065150091,816269,5709,118954109.00,134987,16.54,4.90,1.60
3-December-2018,145.45,145.70,143.15,144.10,144.039264848611719032,420376,2190,60550650.00,84842,20.18,2.55,-1.35
30-November-2018,145.40,145.50,143.45,144.20,144.193610909901743858,757917,3782,109286789.00,121555,16.04,2.05,-1.20
29-November-2018,141.50,145.15,141.20,143.60,143.479014187934169242,1273265,7838,182686807.00,317223,24.91,3.95,2.10
28-November-2018,132.20,139.45,129.15,138.60,136.987755893335118776,2001371,11232,274163322.00,582157,29.09,10.30,6.40
27-November-2018,131.90,132.75,130.60,131.35,131.555501107219292530,538737,2551,70873816.00,142453,26.44,2.15,-0.55
26-November-2018,134.45,134.45,129.60,131.45,131.049643846564140620,560573,2899,73462892.00,142274,25.38,4.85,-3.00
22-November-2018,136.95,136.95,132.80,133.30,134.965907289198364105,460421,2834,62141138.00,96087,20.87,4.15,-3.65
21-November-2018,131.15,137.00,131.00,136.40,134.771837218347213247,660787,3339,89055478.00,152225,23.04,6.00,5.25
20-November-2018,132.50,134.00,130.20,131.20,131.687788579495367316,811085,3454,106809990.00,351356,43.32,3.80,-1.30
19-November-2018,134.00,134.40,132.10,133.65,133.240281468228005287,748930,3033,99787644.00,245577,32.79,2.30,-0.35
16-November-2018,135.90,136.45,131.20,132.45,133.682950738073914051,590659,3461,78961038.00,96591,16.35,5.25,-3.45
15-November-2018,133.05,136.35,131.95,135.55,134.296220804315569905,651038,2942,87431943.00,182815,28.08,4.40,2.50
14-November-2018,136.95,137.30,132.50,133.70,134.781474378210062581,459882,2988,61983574.00,77430,16.84,4.80,-3.25
13-November-2018,133.90,136.75,130.00,135.30,133.324216675099260296,634443,3300,84586616.00,82436,12.99,6.75,1.40
12-November-2018,136.00,136.50,132.45,133.05,133.749062560092301775,374424,2121,50078859.00,98631,26.34,4.05,-2.95
9-November-2018,136.50,137.15,134.10,136.20,135.801708921466800610,352386,2365,47854621.00,84667,24.03,3.05,-0.30
7-November-2018,137.50,137.50,135.80,136.35,136.251413554803021712,130522,1470,17783807.00,92746,71.06,1.70,-1.15
6-November-2018,137.70,137.75,134.35,134.95,135.559783123451671090,475109,2357,64405673.00,93866,19.76,3.40,-2.75
5-November-2018,135.00,138.70,132.75,134.95,135.564295087253458162,1296281,6601,175729420.00,320461,24.72,5.95,-0.05
2-November-2018,137.95,138.35,133.10,133.85,135.714850942514358519,2404844,8189,326373045.00,1465133,60.92,5.25,-4.10
1-November-2018,129.85,136.65,127.95,135.60,132.979468582536357594,1683761,10188,223905643.00,363093,21.56,8.70,5.75
31-October-2018,125.00,128.55,123.25,127.60,126.410046285188739603,1600512,7640,202320796.00,399542,24.96,5.30,2.60
30-October-2018,122.20,126.10,121.35,123.85,124.616063250873539007,932414,6583,116193762.00,169614,18.19,4.75,1.65
29-October-2018,119.80,122.70,116.40,122.20,120.344729229282158377,1011797,5939,121764436.00,182150,18.00,6.30,2.40
26-October-2018,119.10,120.00,115.75,117.65,118.058403362224395392,1910164,8547,225510912.00,719910,37.69,4.25,-1.45
25-October-2018,114.90,122.25,111.20,116.95,117.908781260523363187,3311085,18836,390405997.00,563531,17.02,11.05,2.05
24-October-2018,124.85,127.45,121.70,126.60,124.841819826962088739,1758343,9319,219514740.00,314583,17.89,5.75,1.75
23-October-2018,120.90,124.75,120.20,122.20,121.946293314468889947,1351396,5078,164797733.00,380348,28.14,4.55,1.30
22-October-2018,120.90,123.90,119.20,121.55,121.616964052617777043,1712197,6595,208232201.00,435050,25.41,4.70,0.65
19-October-2018,119.50,126.60,117.30,118.85,121.406273522151720623,3233654,14206,392585882.00,536880,16.60,9.30,-0.65
17-October-2018,133.05,134.00,119.45,120.90,125.502644244618015039,2048222,11754,257057277.00,593974,29.00,14.55,-12.15
16-October-2018,131.70,133.20,129.50,131.45,131.307031273848006425,950027,4709,124745225.00,190431,20.04,3.70,-0.25
15-October-2018,133.50,135.00,128.75,130.75,130.722440241780382818,873520,11936,114188666.00,164043,18.78,6.25,-2.75
12-October-2018,132.00,136.30,130.85,133.20,134.001230344308088258,1274440,6504,170776528.00,176370,13.84,5.45,1.20
11-October-2018,129.20,132.70,122.10,128.10,128.391146982791835922,2089299,11126,268247495.00,225083,10.77,10.60,-1.10
10-October-2018,125.50,135.65,125.45,134.10,131.999128053527396438,2332712,16977,307915950.00,356011,15.26,10.20,8.60
9-October-2018,120.00,126.60,119.30,123.95,122.089311911279987633,2005410,8912,244839127.00,375736,18.74,7.30,3.95
8-October-2018,118.00,123.95,115.00,118.85,119.726115961725287977,3233153,12612,387092851.00,1036434,32.06,8.95,0.85
5-October-2018,125.35,128.00,115.65,119.85,122.752137038747974257,1729613,9841,212313692.00,381415,22.05,12.35,-5.50
4-October-2018,126.25,129.40,123.70,126.20,126.257332725935871615,1501488,8657,189573870.00,260112,17.32,5.70,-0.05
3-October-2018,130.00,133.15,127.80,128.45,130.514762316282188098,1625795,9764,212190248.00,334564,20.58,5.35,-1.55
1-October-2018,130.00,131.50,123.50,131.05,127.633548886938689525,2003214,10363,255677312.00,467584,23.34,8.00,1.05
28-September-2018,126.25,130.90,121.25,129.50,126.292439639138056159,2988733,11008,377454382.00,1297279,43.41,9.65,3.25
27-September-2018,132.60,133.15,124.15,125.35,127.407574646712956973,1391220,9113,177251966.00,396139,28.47,9.00,-7.25
26-September-2018,133.90,136.75,129.40,132.15,132.472987410406559306,1607121,8531,212900120.00,343619,21.38,7.35,-1.75
25-September-2018,130.40,134.25,120.80,132.40,127.194351516813687606,3223237,18965,409977540.00,616202,19.12,13.45,2.00
24-September-2018,143.15,145.00,127.90,130.05,132.525142089583262458,2674897,15655,354491105.00,633334,23.68,17.10,-13.10
21-September-2018,147.90,151.25,122.00,140.10,139.334129433195744322,3148265,17993,438660763.00,620845,19.72,29.25,-7.80
19-September-2018,152.00,152.30,144.60,146.10,147.565501370358144066,1372269,6339,202499563.00,412706,30.07,7.70,-5.90
18-September-2018,155.20,157.20,150.20,150.70,152.863580548308580256,1097776,6519,167809970.00,354965,32.33,7.00,-4.50
17-September-2018,160.00,160.00,155.25,156.05,156.825118680870863656,986469,4449,154703118.00,429015,43.49,4.75,-3.95
14-September-2018,157.50,162.45,156.85,161.05,159.748437216940403676,850086,4311,135799910.00,193658,22.78,5.60,3.55
12-September-2018,157.20,157.60,151.75,155.85,154.966297094720626129,1225562,7327,189920805.00,320258,26.13,5.85,-1.35
11-September-2018,163.00,163.30,156.15,156.95,159.640093810581358210,1077064,6894,171942598.00,285418,26.50,7.15,-6.05
10-September-2018,168.00,168.00,160.25,161.35,162.769903891628025810,735836,9104,119771955.00,271208,36.86,7.75,-6.65
7-September-2018,165.10,169.35,160.10,167.95,164.769458467978426118,869570,7334,143278578.00,181609,20.88,9.25,2.85
6-September-2018,168.00,169.20,162.95,164.45,164.725079018360444516,1986880,6667,327288965.00,1413048,71.12,6.25,-3.55
5-September-2018,168.85,171.40,162.50,165.45,166.297266508686236895,930495,5859,154738775.00,209641,22.53,8.90,-3.40
4-September-2018,180.20,180.25,167.50,169.15,172.761410939896297378,1246063,10679,215271602.00,410346,32.93,12.75,-11.05
3-September-2018,186.30,186.30,179.15,180.10,182.191245647260064756,425594,2608,77539501.00,93623,22.00,7.15,-6.20
31-August-2018,184.00,186.35,180.50,181.85,182.651813363117139260,535414,2787,97794338.00,129331,24.16,5.85,-2.15
30-August-2018,186.00,186.95,182.90,183.85,184.312537855844942459,350012,1963,64511600.00,91466,26.13,4.05,-2.15
29-August-2018,184.50,189.20,183.30,185.45,187.017088820712361568,855296,5629,159954968.00,187157,21.88,5.90,0.95
28-August-2018,181.25,184.40,180.60,183.90,182.900038532861305782,415230,2578,75945583.00,111787,26.92,3.80,2.65
27-August-2018,181.25,183.60,180.40,180.90,181.589740739642924188,404844,2362,73515517.00,122402,30.23,3.20,-0.35
24-August-2018,184.90,186.15,179.20,180.65,181.618400973804091070,621891,4006,112946849.00,152822,24.57,6.95,-4.25
23-August-2018,186.50,188.00,183.00,184.40,184.805785884650477821,499768,2453,92360018.00,124624,24.94,5.00,-2.10
21-August-2018,188.15,188.80,185.20,186.30,186.685396859309902788,533577,2771,99611034.00,153402,28.75,3.60,-1.85
20-August-2018,184.55,189.55,184.05,186.30,187.303858311830111598,1222685,8645,229013618.00,347411,28.41,5.50,1.75
17-August-2018,177.90,182.70,176.90,181.65,180.273365607088394594,608544,3548,109704275.00,146313,24.04,5.80,3.75
16-August-2018,178.80,178.80,174.95,176.25,176.321314391246912498,308097,2714,54324068.00,72008,23.37,3.85,-2.55
14-August-2018,174.50,180.55,174.35,179.05,177.504459310275779028,379543,3209,67370575.00,97306,25.64,6.20,4.55
13-August-2018,176.50,177.40,173.30,174.55,175.040699668125519462,344106,2674,60232555.00,95512,27.76,4.10,-1.95
10-August-2018,181.10,182.00,176.90,177.30,179.244635888477198123,425886,2745,76337781.00,166160,39.02,5.10,-3.80
9-August-2018,175.70,182.50,175.50,180.75,180.272489212044331069,649567,4533,117099060.00,180012,27.71,7.00,5.05
8-August-2018,177.90,179.20,174.20,174.80,176.383350736326648183,277730,2055,48986948.00,67271,24.22,5.00,-3.10
7-August-2018,181.70,181.70,175.15,176.40,177.083637952751857278,389010,2471,68887306.00,114365,29.40,6.55,-5.30
6-August-2018,183.40,183.55,179.10,179.90,180.884065711240185530,451247,2876,81623392.00,141659,31.39,4.45,-3.50
3-August-2018,176.75,183.60,175.85,181.00,181.204429279277139341,841988,6311,152571955.00,196279,23.31,7.75,4.25
2-August-2018,177.65,177.65,172.65,175.25,174.855581000221614833,379036,2783,66276560.00,78379,20.68,5.00,-2.40
1-August-2018,177.80,178.60,174.80,176.15,176.411422306295114674,425028,2769,74979794.00,117602,27.67,3.80,-1.65
31-July-2018,177.00,178.00,173.80,175.80,175.547134776349483393,313972,2301,55116885.00,60352,19.22,4.20,-1.20
30-July-2018,177.10,180.10,175.40,178.35,177.926961183171397118,543218,3435,96653128.00,143889,26.49,4.70,1.25
27-July-2018,180.00,180.45,174.90,177.45,177.189269860060034667,591325,3856,104776445.00,104295,17.64,5.55,-2.55
26-July-2018,184.05,185.45,176.70,178.25,179.969995471768474185,600676,3630,108103657.00,119238,19.85,8.75,-5.80
25-July-2018,178.35,185.25,177.15,184.05,182.595533378464713551,1155146,7052,210924500.00,206545,17.88,8.10,5.70
24-July-2018,173.50,184.90,171.85,178.80,179.963808833180739096,1974736,15144,355381012.00,339396,17.19,13.05,5.30
23-July-2018,158.00,172.00,156.70,170.75,166.029183824459072048,1653039,11735,274452716.00,347228,21.01,15.30,12.75
20-July-2018,152.50,156.40,151.00,155.30,154.122887826724727441,564466,3239,86997130.00,188332,33.36,5.40,2.80
19-July-2018,153.00,153.00,148.40,151.00,150.627550439678143341,342637,2197,51610572.00,59294,17.31,4.60,-2.00
18-July-2018,148.05,153.10,145.80,151.35,150.422810154353778514,694638,4112,104489400.00,145420,20.93,7.30,3.30
17-July-2018,141.95,148.05,141.75,147.10,145.659818248376072486,374247,2338,54512750.00,94766,25.32,6.30,5.15
16-July-2018,147.95,148.00,140.60,141.60,143.124733425964988330,516742,3332,73958561.00,164757,31.88,7.40,-6.35
13-July-2018,156.25,156.25,146.55,147.60,148.927098995258051100,406373,2221,60519952.00,122165,30.06,9.70,-8.65
12-July-2018,155.05,158.75,152.30,153.05,155.916284573943529317,451243,2585,70356132.00,112968,25.03,6.45,-2.00
11-July-2018,156.00,156.00,152.30,154.00,153.663595548222879294,247901,1311,38093359.00,93655,37.78,3.70,-2.00
10-July-2018,151.00,155.65,150.85,155.35,153.705817398657897778,328738,2249,50528943.00,95020,28.90,4.80,4.35
9-July-2018,150.45,151.95,148.95,150.50,150.268559526419644814,273660,1453,41122494.00,90780,33.17,3.00,0.05
6-July-2018,145.00,151.95,145.00,150.05,149.268215639293125623,380209,2004,56753119.00,82228,21.63,6.95,5.05
5-July-2018,146.20,149.40,145.70,146.40,147.514016722346747448,327466,3024,48305825.00,100797,30.78,3.70,0.20
4-July-2018,147.10,148.50,146.50,147.10,147.344179198761054733,196296,1325,28923073.00,76245,38.84,2.00,0.00
3-July-2018,146.55,148.75,145.00,147.65,147.284299258577352990,221601,1300,32638348.00,75853,34.23,3.75,1.10
2-July-2018,150.25,152.40,144.70,146.85,147.129282253231328417,412137,2851,60637421.00,137992,33.48,7.70,-3.40
29-June-2018,149.20,152.95,149.20,151.45,150.235652689564324154,5605406,3120,842131829.00,4913671,87.66,3.75,2.25
28-June-2018,152.00,154.90,147.75,148.75,151.007312374994966240,297988,2017,44998367.00,108980,36.57,7.15,-3.25
27-June-2018,155.90,156.40,150.70,152.35,152.772941146762735261,237608,2041,36300073.00,91825,38.65,5.70,-3.55
26-June-2018,155.60,157.90,155.05,155.75,156.354948913798234302,252025,1552,39405356.00,117996,46.82,2.85,0.15
25-June-2018,161.70,161.70,156.30,156.80,157.829865353268237598,313487,2231,49477611.00,164936,52.61,5.40,-4.90
22-June-2018,161.05,161.95,159.00,161.70,160.335396929935660367,296085,1490,47472906.00,70448,23.79,2.95,0.65
21-June-2018,163.80,166.50,160.70,161.05,162.394154514195263076,373998,1803,60735089.00,66727,17.84,5.80,-2.75
20-June-2018,162.60,164.30,161.55,163.40,163.018970849971713033,242161,1334,39476837.00,60425,24.95,2.75,0.80
19-June-2018,163.50,164.25,160.60,162.55,162.015001490055083971,208046,1282,33706573.00,88141,42.37,3.65,-0.95
18-June-2018,164.25,166.10,163.60,164.25,164.721604666519920757,127204,993,20953247.00,53775,42.27,2.50,0.00
15-June-2018,167.60,168.90,165.00,165.30,166.788177636387085679,116305,1055,19398299.00,48757,41.92,3.90,-2.30
14-June-2018,165.00,168.10,164.55,167.70,166.607682442805257048,213656,1502,35596731.00,95755,44.82,3.55,2.70
13-June-2018,167.50,169.30,165.20,165.80,167.064787920208449019,187288,1230,31289230.00,66738,35.63,4.10,-1.70
12-June-2018,167.85,169.50,166.90,167.50,167.779867305716752767,1758026,2119,294961369.00,1483123,84.36,2.60,-0.35
11-June-2018,169.00,170.30,167.35,167.75,168.963930488838654987,141560,1088,23918534.00,58614,41.41,2.95,-1.25
8-June-2018,166.00,169.15,165.80,168.30,167.373471982266844867,122708,900,20538064.00,28234,23.01,3.35,2.30
7-June-2018,168.10,170.00,167.20,167.50,168.426964702283070098,261490,1647,44041967.00,62961,24.08,2.80,-0.60
6-June-2018,164.00,167.65,163.60,167.15,165.782926087978759397,174383,1205,28909724.00,54525,31.27,4.05,3.15
5-June-2018,165.40,165.85,161.70,163.95,163.585254508848012582,306453,1993,50131192.00,135790,44.31,4.15,-1.45
4-June-2018,163.15,166.35,162.65,164.85,164.783470928262374949,203617,1844,33552716.00,77554,38.09,3.70,1.70
1-June-2018,169.05,171.05,163.50,164.15,166.431944157113405003,280358,1803,46660527.00,118971,42.44,7.55,-4.90
31-May-2018,171.15,174.50,169.40,170.35,171.754791649286727287,191792,1152,32941195.00,81409,42.45,5.10,-0.80
30-May-2018,169.90,173.75,168.40,172.40,172.072328117219887994,178741,1267,30756380.00,50455,28.23,5.35,2.50
29-May-2018,171.10,174.70,170.35,171.45,172.877119950263577136,386035,1793,66736619.00,149248,38.66,4.35,0.35
28-May-2018,170.00,174.00,169.85,173.20,172.720708589492266480,487165,2126,84143484.00,323131,66.33,4.15,3.20
25-May-2018,163.50,169.40,162.90,168.50,166.328736530435573460,296873,2848,49378511.00,76526,25.78,6.50,5.00
24-May-2018,163.00,164.50,159.65,163.00,162.228798598082134667,307008,2140,49805539.00,96064,31.29,4.85,0.00
23-May-2018,166.10,167.20,162.20,162.65,164.227644151565074135,303500,1768,49843090.00,115453,38.04,5.00,-3.45
22-May-2018,166.00,168.30,162.85,166.10,166.185659125785852185,363618,2256,60428097.00,101315,27.86,5.45,0.10
21-May-2018,172.05,174.50,165.65,167.20,169.596330204409312665,259088,2120,43940374.00,92573,35.73,8.85,-4.85
18-May-2018,178.50,178.95,172.60,173.35,175.764620553278548310,292294,2860,51374944.00,96963,33.17,6.35,-5.15
17-May-2018,175.00,179.70,172.65,177.30,176.503861919996072623,488876,2652,86288502.00,243244,49.76,7.05,2.30
16-May-2018,174.00,176.00,171.50,173.95,173.872108900523560209,238750,1959,41511966.00,67810,28.40,4.50,-0.05
15-May-2018,178.85,181.40,173.90,174.80,178.096185447955833089,331651,2610,59065778.00,106672,32.16,7.50,-4.05
14-May-2018,179.00,181.50,178.10,178.85,179.405499140759256366,256040,2598,45934984.00,102000,39.84,3.40,-0.15
11-May-2018,178.20,179.70,177.00,178.15,178.238031213302244838,176271,1225,31418196.00,47399,26.89,2.70,-0.05
10-May-2018,182.50,183.90,176.75,178.70,179.708813747527180797,371034,2650,66678080.00,106809,28.79,7.15,-3.80
9-May-2018,180.25,183.25,178.25,182.70,181.305078431903768524,442932,3197,80305821.00,145171,32.78,5.00,2.45
8-May-2018,177.40,183.95,177.40,180.80,181.919686783274574828,850657,7187,154751255.00,240316,28.25,6.55,3.40
7-May-2018,178.80,179.80,175.00,176.90,176.943897404321252466,396274,2972,70118266.00,98294,24.80,4.80,-1.90
4-May-2018,175.80,180.00,173.75,176.25,177.481468350029560109,1162039,8936,206240388.00,243884,20.99,6.25,0.45
3-May-2018,173.40,173.60,168.75,171.65,171.319051238886033564,324929,2083,55666528.00,62409,19.21,4.85,-1.75
2-May-2018,175.00,175.30,172.20,173.65,173.784086486288479942,436786,2352,75906456.00,93740,21.46,3.10,-1.35
30-April-2018,169.25,173.90,169.25,173.00,172.335354070873632471,403648,2655,69562821.00,104522,25.89,4.65,3.75
27-April-2018,165.25,169.65,165.25,168.75,168.520193840258883003,310565,1846,52336474.00,87152,28.06,4.40,3.50
26-April-2018,165.70,167.65,164.00,165.25,165.630227756274877721,254746,1651,42193638.00,59458,23.34,3.65,-0.45
25-April-2018,166.50,169.30,164.50,165.60,167.064511517725861787,342776,1874,57265705.00,86450,25.22,4.80,-0.90
24-April-2018,164.55,167.95,164.55,166.50,166.839745609031390210,234914,1437,39192992.00,53247,22.67,3.40,1.95
23-April-2018,164.90,166.75,163.80,165.65,165.419854657230138701,263515,2594,43590613.00,109059,41.39,2.95,0.75
20-April-2018,170.00,170.00,163.30,164.75,165.621273732614338049,511269,3319,84677023.00,157097,30.73,6.70,-5.25
19-April-2018,171.65,172.65,169.50,170.20,170.532382853512254250,221923,1510,37845058.00,84601,38.12,3.15,-1.45
18-April-2018,174.35,175.05,170.95,171.65,172.757270599250936329,213600,1370,36900953.00,71373,33.41,4.10,-2.70
17-April-2018,172.50,174.90,171.75,174.35,173.611072151601500276,630284,4087,109424281.00,183978,29.19,3.15,1.85
16-April-2018,165.80,170.50,164.75,169.70,168.857979911364075668,429397,2846,72507110.00,141191,32.88,5.75,3.90
13-April-2018,167.00,168.70,165.15,166.60,166.924193875224803059,157916,1062,26360001.00,61168,38.73,3.55,-0.40
12-April-2018,168.05,169.90,166.10,166.95,167.951869610766379240,198544,1318,33345836.00,60898,30.67,3.80,-1.10
11-April-2018,172.80,172.80,168.15,168.85,169.777610406638209480,271519,1703,46097847.00,77687,28.61,4.65,-3.95
10-April-2018,170.05,173.00,169.00,171.65,171.133548708934128322,294679,2018,50429463.00,82655,28.05,4.00,1.60
9-April-2018,171.55,173.15,168.25,169.95,171.144362818938147435,215755,1637,36925252.00,71725,33.24,4.90,-1.60
6-April-2018,171.50,173.45,169.60,171.20,171.410867974775208954,805081,2700,137999633.00,247326,30.72,3.85,-0.30
5-April-2018,163.20,172.40,163.20,171.60,168.596722612662597866,519072,4925,87513838.00,140543,27.08,9.20,8.40
4-April-2018,161.15,165.80,159.80,161.35,162.998347790169351507,225153,2038,36699567.00,72291,32.11,6.00,0.20
3-April-2018,161.00,162.85,159.75,162.45,161.444958612241867831,161642,1270,26096286.00,45563,28.19,3.10,1.45
2-April-2018,157.15,161.20,157.10,160.35,158.820024831500532103,169140,1199,26862819.00,71827,42.47,4.10,3.20
28-March-2018,159.00,159.00,156.05,157.05,157.128191886850914658,164597,1006,25862829.00,62604,38.03,2.95,-1.95
27-March-2018,156.00,160.25,156.00,159.05,159.154918702271337585,224053,1548,35659137.00,78663,35.11,4.25,3.05
26-March-2018,153.85,157.15,152.05,155.80,154.367443932867963760,329917,1685,50928444.00,166406,50.44,5.10,1.95
23-March-2018,151.90,154.45,151.15,153.90,152.836295538313281738,201314,1471,30768086.00,72214,35.87,3.30,2.00
22-March-2018,155.30,156.70,153.70,154.90,154.887893365290582974,176903,1391,27400133.00,56408,31.89,3.00,-0.40
21-March-2018,152.15,157.40,152.15,156.20,156.125099589615621664,199569,2502,31157730.00,71119,35.64,5.25,4.05
20-March-2018,156.75,159.30,151.20,153.50,154.683076140340799520,487442,3319,75399028.00,149373,30.64,8.10,-3.25
19-March-2018,165.00,165.00,156.50,157.25,158.278679093314923484,182511,1374,28887600.00,69256,37.95,8.50,-7.75
16-March-2018,162.00,164.00,158.80,160.05,161.191712202460800728,294457,1568,47464028.00,126355,42.91,5.20,-1.95
15-March-2018,162.00,163.80,161.00,162.10,162.488678899562861555,229218,1371,37245330.00,74765,32.62,2.80,0.10
14-March-2018,163.80,163.90,160.70,162.35,161.867854390305177413,234847,1365,38014180.00,69765,29.71,3.20,-1.45
13-March-2018,161.30,165.70,161.30,164.50,163.943659448419191858,334892,1995,54903420.00,109177,32.60,4.40,3.20
12-March-2018,161.00,163.40,158.60,162.40,160.980054108738637931,260956,1606,42008711.00,93689,35.90,4.80,1.40
9-March-2018,159.50,163.90,159.00,160.00,162.210118418770400037,1141542,3680,185169663.00,827911,72.53,4.90,0.50
8-March-2018,162.00,162.50,155.05,158.75,157.920717614134352147,591014,2922,93333355.00,276289,46.75,7.45,-3.25
7-March-2018,158.05,159.95,154.80,157.70,157.570731284031498796,414873,2384,65371842.00,187620,45.22,5.15,-0.35
6-March-2018,161.50,163.35,158.50,159.60,160.926976408777171113,242675,1606,39052954.00,95148,39.21,4.85,-1.90
5-March-2018,162.50,164.45,159.40,161.00,161.760889341984630142,282501,2189,45697613.00,57423,20.33,5.05,-1.50
1-March-2018,161.50,164.30,161.50,162.45,162.812136914762261401,197612,1300,32173632.00,41798,21.15,2.80,0.95
28-February-2018,164.00,164.25,161.40,162.55,162.844922178064189242,252628,1423,41139187.00,77417,30.64,2.85,-1.45
27-February-2018,168.15,168.80,165.10,165.40,166.483734915240440383,196556,1306,32723377.00,54646,27.80,3.70,-2.75
26-February-2018,163.95,169.00,162.20,168.15,165.891656787240459759,334871,2031,55552305.00,111579,33.32,6.80,4.20
23-February-2018,158.00,162.75,158.00,162.10,161.236256495312351240,199567,1219,32177436.00,75888,38.03,4.75,4.10
22-February-2018,157.30,160.50,156.10,159.10,158.465225183135810670,273977,1514,43415827.00,58041,21.18,4.40,1.80
21-February-2018,157.80,160.20,155.25,157.80,157.465684264479753972,273140,1434,43010177.00,70879,25.95,4.95,0.00
20-February-2018,159.00,161.00,157.95,158.55,159.405624583172206623,356862,1638,56885810.00,74256,20.81,3.05,-0.45
19-February-2018,161.15,162.20,157.15,158.90,159.125452438728266236,613619,2884,97642401.00,180107,29.35,5.05,-2.25
16-February-2018,167.25,169.30,159.90,160.50,163.593331012847055845,442436,2231,72379579.00,123723,27.96,9.40,-6.75
15-February-2018,170.50,171.70,164.55,166.05,169.535369029981424344,1202111,2171,203800332.00,863732,71.85,7.15,-4.45
14-February-2018,168.00,172.75,166.50,169.70,170.068218894163268035,598280,2849,101748414.00,165347,27.64,6.25,1.70
12-February-2018,165.10,168.35,163.10,166.50,166.155695649800775066,366420,2239,60882770.00,73425,20.04,5.25,1.40
9-February-2018,158.00,166.10,158.00,163.65,162.310537963754021776,440104,2501,71433517.00,102505,23.29,8.10,5.65
8-February-2018,158.20,164.80,158.20,163.20,162.786563388920620004,710834,3619,115714224.00,217448,30.59,6.60,5.00
7-February-2018,162.20,163.40,156.30,157.60,159.430611865548104710,570256,3182,90916263.00,147286,25.83,7.10,-4.60
6-February-2018,152.05,161.85,147.15,159.40,155.572753039037785235,1245460,5821,193759641.00,231912,18.62,14.70,7.35
5-February-2018,152.50,161.00,144.65,158.50,152.801099482450479074,1289152,6258,196983843.00,313622,24.33,16.35,6.00
2-February-2018,168.00,170.00,155.10,157.95,161.058525388509715522,1214191,6185,195555812.00,352056,29.00,14.90,-10.05
1-February-2018,173.00,175.50,168.60,171.25,173.032219221980111531,414411,2237,71706455.00,78448,18.93,6.90,-1.75
31-January-2018,175.00,177.60,170.65,172.50,173.239870384702580579,511668,2695,88641298.00,129480,25.31,6.95,-2.50
30-January-2018,176.10,177.75,174.55,176.10,176.008130763285139936,333794,1620,58750458.00,94629,28.35,3.20,0.00
29-January-2018,179.00,180.20,176.05,177.65,178.531393010820860498,1214506,3189,216827448.00,769019,63.32,4.15,-1.35
25-January-2018,180.00,181.80,175.30,176.85,178.620710047309758640,997680,5613,178206310.00,193685,19.41,6.50,-3.15
24-January-2018,180.50,180.50,176.75,178.80,178.787480188027472601,369095,1884,65989565.00,99665,27.00,3.75,-1.70
23-January-2018,179.45,180.80,176.50,179.60,179.405204844373732984,591449,2523,106109029.00,218025,36.86,4.30,0.15
22-January-2018,172.35,178.80,171.55,178.30,175.251007226450086333,406562,2480,71250400.00,114762,28.23,7.25,5.95
19-January-2018,170.50,172.85,169.75,172.20,171.413899241556332207,275828,1438,47280753.00,72241,26.19,3.10,1.70
18-January-2018,175.45,176.80,170.20,171.35,173.956554849939887445,542316,2570,94339423.00,127658,23.54,6.60,-4.10
17-January-2018,172.00,174.80,168.00,173.65,172.132424543860108374,305608,1937,52605046.00,91720,30.01,6.80,1.65
16-January-2018,177.20,181.00,172.50,173.65,176.240645282757117234,504585,3047,88928386.00,128281,25.42,8.50,-3.55
15-January-2018,181.00,182.80,177.90,179.00,179.933470342408034808,232588,1730,41850366.00,92277,39.67,4.90,-2.00
12-January-2018,181.75,182.65,176.95,180.30,180.250228502618712550,275708,1589,49696430.00,88482,32.09,5.70,-1.45
11-January-2018,180.00,182.90,179.95,181.45,181.669892198529814129,219292,1802,39838754.00,88118,40.18,2.95,1.45
10-January-2018,183.25,185.35,180.20,181.10,182.377621016441960652,426409,2144,77767459.00,152576,35.78,5.15,-2.15
9-January-2018,185.45,185.45,180.40,182.80,182.724358295611968481,453324,2438,82833337.00,128142,28.27,5.05,-2.65
8-January-2018,176.50,184.25,176.40,183.55,180.827070682468600023,903265,4611,163334764.00,289445,32.04,7.85,7.05
5-January-2018,173.10,175.90,173.10,175.35,174.948944764867258548,462930,2491,80989115.00,143801,31.06,2.80,2.25
4-January-2018,170.65,173.20,170.50,172.55,172.145474249702241504,279589,1708,48129981.00,92613,33.12,2.70,1.90
3-January-2018,171.50,173.45,169.65,170.00,171.568764432592918407,291008,1885,49927883.00,109335,37.57,3.80,-1.50
2-January-2018,172.05,174.45,169.00,170.50,171.325825677870903987,355193,1888,60853734.00,93730,26.39,5.45,-1.55
1-January-2018,177.50,178.00,172.20,172.90,174.372161786851429136,272927,1537,47590871.00,68069,24.94,5.80,-4.60
29-December-2017,173.00,174.75,172.10,173.80,173.689459382821622900,447877,2122,77791514.00,94560,21.11,2.65,0.80
28-December-2017,176.15,178.15,173.05,173.85,174.847859740584964400,351406,1855,61442587.00,122696,34.92,5.10,-2.30
27-December-2017,178.35,180.80,175.40,176.75,178.194497425138279610,230692,1318,41108045.00,66279,28.73,5.40,-1.60
26-December-2017,177.25,180.05,177.25,179.70,179.214966674518824393,288668,1434,51733626.00,109792,38.03,2.80,2.45
22-December-2017,180.40,182.35,177.60,178.45,179.642073759658397722,472128,2163,84814053.00,110216,23.34,4.75,-1.95
21-December-2017,178.25,181.25,177.35,180.15,179.654361416361416361,409500,2337,73568461.00,96348,23.53,3.90,1.90
20-December-2017,178.90,179.90,176.70,178.25,178.068115778844826709,550636,2606,98050715.00,203052,36.88,3.20,-0.65
19-December-2017,171.30,178.50,171.25,177.45,175.405144593857797595,926215,4919,162462876.00,253688,27.39,7.25,6.15
18-December-2017,168.45,173.50,161.00,170.50,169.132697835396257405,852350,4843,144160255.00,238949,28.03,12.50,2.05
15-December-2017,165.05,170.10,165.05,167.90,168.279477145681643072,559391,3793,94134025.00,163353,29.20,5.05,2.85
14-December-2017,163.10,165.35,159.80,163.75,162.311965068301819397,436738,4086,70887803.00,197013,45.11,5.55,0.65
13-December-2017,165.00,166.45,163.10,163.75,164.695249766786779096,492039,3769,81036486.00,146928,29.86,3.35,-1.25
12-December-2017,170.00,171.10,165.75,166.20,168.125288716128668807,337269,3504,56703448.00,119125,35.32,5.35,-3.80
11-December-2017,171.75,173.10,170.75,171.10,171.869033381838033576,509229,1659,87520696.00,281465,55.27,2.35,-0.65
8-December-2017,173.75,174.25,170.50,171.60,172.484382275079485439,451026,2313,77794941.00,183483,40.68,3.75,-2.15
7-December-2017,168.00,173.20,168.00,172.45,170.888738073445387474,576864,2870,98579561.00,185191,32.10,5.20,4.45
6-December-2017,170.00,173.00,166.90,167.85,169.616929291621969400,803554,4340,136296362.00,190534,23.71,6.10,-2.15
5-December-2017,163.30,171.90,161.50,170.70,167.839284476488049016,1139697,5893,191285929.00,258514,22.68,10.40,7.40
4-December-2017,167.60,169.45,163.50,164.50,165.205848700862647864,774360,4906,127928801.00,263586,34.04,5.95,-3.10
1-December-2017,172.60,176.20,166.05,167.60,170.777687780729429223,706196,4666,120602520.00,250330,35.45,10.15,-5.00
30-November-2017,175.00,177.00,171.90,172.65,174.390515692321191260,547051,3215,95400506.00,221026,40.40,5.10,-2.35
29-November-2017,178.15,179.90,175.00,175.65,177.107073949185855708,388199,2334,68752789.00,174073,44.84,4.90,-2.50
28-November-2017,178.10,181.00,178.05,178.75,179.236495714158820394,360256,2417,64571023.00,133502,37.06,2.95,0.65
27-November-2017,178.00,179.50,177.05,178.75,178.660532284714284868,337714,2550,60336163.00,148551,43.99,2.45,0.75
24-November-2017,179.00,181.85,177.40,177.90,179.897572603207714665,386381,2502,69509004.00,145828,37.74,4.45,-1.10
23-November-2017,178.95,181.85,177.75,180.20,180.023854938655259273,699897,3697,125998156.00,202759,28.97,4.10,1.25
22-November-2017,179.20,179.95,176.75,178.25,178.672021331297440272,702067,3445,125439730.00,214902,30.61,3.20,-0.95
21-November-2017,183.80,183.80,178.30,179.05,181.710339348052423421,12343109,31813,2242870525.00,2581008,20.91,5.50,-4.75
20-November-2017,191.00,192.00,187.20,188.05,188.590464251051439663,222552,1332,41971185.00,71815,32.27,4.80,-2.95
17-November-2017,188.50,192.00,188.50,189.85,190.492122678783089687,364464,2195,69427521.00,117841,32.33,3.50,1.35
16-November-2017,182.00,187.80,182.00,186.55,185.900409201237254684,414466,2250,77049399.00,131199,31.65,5.80,4.55
15-November-2017,183.00,185.45,181.35,183.35,183.479155767899122816,460679,2254,84524994.00,107207,23.27,4.10,0.35
14-November-2017,180.80,186.65,179.10,184.60,183.307159393010970591,582284,3615,106736826.00,138487,23.78,7.55,3.80
13-November-2017,186.90,188.40,180.60,182.00,184.895076112539317434,598653,3348,110687992.00,177475,29.65,7.80,-4.90
10-November-2017,187.00,190.50,185.30,187.45,188.225961372286209161,520766,2657,98021681.00,137463,26.40,5.20,0.45
9-November-2017,191.15,193.00,185.30,188.45,188.687933465482516726,629087,3675,118701126.00,132809,21.11,7.70,-2.70
8-November-2017,192.00,194.40,189.15,190.55,191.916240545435176307,450576,2552,86472852.00,107646,23.89,5.25,-1.45
7-November-2017,196.00,196.00,189.40,192.00,191.836342788646219494,864276,5543,165799547.00,213636,24.72,6.60,-4.00
6-November-2017,198.00,200.70,194.60,195.50,197.831778949058860469,417207,2256,82536803.00,156640,37.54,6.10,-2.50
3-November-2017,199.00,200.60,197.45,198.65,199.106305609734119705,344027,1888,68497945.00,92316,26.83,3.15,-0.35
2-November-2017,199.00,202.50,197.60,198.80,199.632706853839801816,454125,3400,90658203.00,117823,25.95,4.90,-0.20
1-November-2017,202.20,203.35,200.00,200.85,201.784587793406048027,443285,2175,89448081.00,121022,27.30,3.35,-1.35
31-October-2017,199.05,202.25,198.75,200.85,200.621886371987719734,421815,2144,84625321.00,110355,26.16,3.50,1.80
30-October-2017,199.05,202.80,199.05,201.35,201.273205759108941926,520011,2813,104664281.00,158517,30.48,3.75,2.30
27-October-2017,199.00,201.80,197.75,198.55,199.809637291555211100,637399,3460,127358463.00,143502,22.51,4.05,-0.45
26-October-2017,195.00,203.20,193.20,196.45,198.800766305519517381,1567782,8709,311676263.00,274832,17.53,10.00,1.45
25-October-2017,212.50,213.05,191.60,196.25,198.795016749804637988,2386595,14504,474443193.00,708211,29.67,21.45,-16.25
24-October-2017,210.05,213.60,208.60,210.95,211.239577877684528373,716001,4013,151247749.00,171507,23.95,5.00,0.90
23-October-2017,205.25,210.15,205.05,209.35,208.681789426118391323,553250,2811,115453200.00,180970,32.71,5.10,4.10
19-October-2017,207.90,207.90,203.75,205.25,206.180924687864941335,127589,1237,26306418.00,67900,53.22,4.15,-2.65
18-October-2017,205.80,207.95,205.35,207.20,206.785708095616378999,415410,2309,85900851.00,120138,28.92,2.60,1.40
17-October-2017,203.00,207.85,203.00,205.65,205.851769784172661870,417000,2275,85840188.00,84875,20.35,4.85,2.65
16-October-2017,205.00,206.35,203.05,203.80,204.295866357414232252,351385,1767,71786503.00,81977,23.33,3.30,-1.20
13-October-2017,203.10,206.80,202.40,204.30,204.779005755636087089,694276,3665,142173149.00,126406,18.21,4.40,1.20
12-October-2017,199.65,203.50,199.65,203.00,201.899685534591194968,477000,2630,96306150.00,110525,23.17,3.85,3.35
11-October-2017,203.70,204.80,197.10,199.45,201.461604320056205103,703139,3368,141655511.00,122061,17.36,7.70,-4.25
10-October-2017,196.10,203.65,196.10,202.85,200.917273604773604773,774928,3910,155696421.00,154073,19.88,7.55,6.75
9-October-2017,195.20,198.80,195.20,196.90,197.005279327253231810,415015,1968,81760146.00,88627,21.36,3.60,1.70
6-October-2017,193.90,200.35,193.90,197.35,197.758061664129314397,695607,3683,137561892.00,184498,26.52,6.45,3.45
5-October-2017,195.50,196.50,192.15,193.50,194.210903053992947419,407794,2339,79198041.00,92646,22.72,4.35,-2.00
4-October-2017,195.00,197.00,193.80,194.85,195.398616149325006887,348448,2105,68086257.00,85027,24.40,3.20,-0.15
3-October-2017,197.00,198.90,193.90,194.75,196.534937846711644761,505283,2833,99305763.00,142213,28.15,5.00,-2.25
29-September-2017,192.00,196.85,191.85,195.00,194.762705125424709029,857646,4123,167037455.00,154177,17.98,5.00,3.00
28-September-2017,187.15,191.55,185.00,190.40,188.724736092955700798,860625,5001,162421226.00,156474,18.18,6.55,3.25
27-September-2017,197.85,198.40,187.15,188.15,192.084476354117143437,1013834,7519,194741773.00,270227,26.65,11.25,-9.70
26-September-2017,191.65,198.00,189.95,196.60,194.780586448845001877,1911778,8149,372377240.00,826771,43.25,8.05,4.95
25-September-2017,202.40,202.70,189.00,192.75,193.109230214649982971,1808712,12852,349278982.00,402819,22.27,13.70,-9.65
22-September-2017,209.95,210.30,201.60,202.40,205.379857178793463696,973945,6181,200028685.00,257885,26.48,8.70,-7.55
21-September-2017,207.05,212.70,204.10,211.10,208.950173424026039378,814766,4834,170245497.00,198015,24.30,8.60,4.05
20-September-2017,209.00,210.00,207.15,207.70,208.671495231706961416,342890,2074,71551369.00,93529,27.28,2.85,-1.30
19-September-2017,210.00,211.85,208.55,209.40,210.212063887529474574,561925,3266,118123414.00,130518,23.23,3.30,-0.60
18-September-2017,209.90,211.90,208.50,209.45,210.147041914593933122,974076,5581,204699190.00,282517,29.00,3.40,-0.45
15-September-2017,200.90,208.90,200.30,206.90,205.973559934701492537,1577984,6817,325022982.00,217884,13.81,8.60,6.00
14-September-2017,202.70,204.65,199.65,201.45,201.846148404624476381,523043,4175,105574215.00,153351,29.32,5.00,-1.25
13-September-2017,202.95,206.40,201.60,202.25,204.131745909676427047,624156,4997,127410054.00,144157,23.10,4.80,-0.70
12-September-2017,204.00,205.40,201.40,202.85,203.002740664611168208,939918,5268,190805930.00,385414,41.01,4.00,-1.15
11-September-2017,204.75,205.50,201.80,203.60,203.882699499543264914,640415,3398,130569539.00,155652,24.30,3.70,-1.15
8-September-2017,207.60,207.60,201.50,202.55,203.723313246724256776,967643,5497,197131438.00,165139,17.07,6.10,-5.05
7-September-2017,207.90,208.90,205.80,206.35,207.206371140028425321,785919,4152,162847424.00,167529,21.32,3.10,-1.55
6-September-2017,204.20,208.50,203.65,206.40,206.662142348840018572,1746709,9432,360978624.00,298848,17.11,4.85,2.20
5-September-2017,197.30,206.50,195.90,204.90,201.961555606095064816,1538950,8044,310808736.00,284481,18.49,10.60,7.60
4-September-2017,198.75,199.65,192.20,195.40,195.717960478619182390,946222,6087,185192640.00,220964,23.35,7.45,-3.35
1-September-2017,201.00,202.80,198.00,198.70,200.110071481156047400,1136943,6591,227513745.00,266898,23.48,4.80,-2.30
31-August-2017,198.00,202.95,196.30,200.15,199.930483309364352600,2006065,11612,401073545.00,,,6.65,2.15
30-August-2017,192.20,198.80,192.20,196.95,196.065155645338888417,2570138,13872,503914507.00,323981,12.61,6.60,4.75
29-August-2017,189.00,195.30,186.70,189.45,190.867372602316053575,2476713,14470,472723703.00,428409,17.30,8.60,0.45
28-August-2017,175.00,189.00,175.00,187.75,183.833157465108407828,1657491,10694,304701804.00,320020,19.31,14.00,12.75
24-August-2017,174.00,175.70,172.40,174.65,173.775519162954040836,551272,2714,95797578.00,147577,26.77,3.30,0.65
23-August-2017,170.20,174.10,170.00,173.20,172.234749253635810850,437454,2503,75344780.00,82563,18.87,4.10,3.00
22-August-2017,172.80,174.00,167.60,169.45,170.118064111447682867,578711,4210,98449195.00,130564,22.56,6.40,-3.35
21-August-2017,176.90,177.65,170.65,171.75,174.302512193994313322,346072,2968,60321219.00,107953,31.19,7.00,-5.15
18-August-2017,174.50,176.40,172.25,175.70,174.363723800652072659,429400,2882,74871783.00,73075,17.02,4.15,1.20
17-August-2017,177.05,178.30,174.70,175.75,176.380376621961982122,449841,2909,79343125.00,104324,23.19,3.60,-1.30
16-August-2017,173.25,177.25,171.75,176.40,175.113906618446885772,673859,4300,118002082.00,152182,22.58,5.50,3.15
14-August-2017,166.00,174.00,166.00,172.20,169.706073027728730339,575973,4551,97746116.00,164595,28.58,8.00,6.20
11-August-2017,160.00,168.10,158.65,163.90,163.541079671381826174,1041817,5840,170379877.00,247519,23.76,9.45,3.90
10-August-2017,170.90,172.45,160.60,164.95,168.015475781113837950,1061465,6038,178342547.00,209252,19.71,11.85,-5.95
9-August-2017,173.50,176.75,170.60,171.95,174.174563128003494975,549360,3211,95684538.00,161124,29.33,6.15,-1.55
8-August-2017,176.35,178.80,172.60,175.40,176.026337083608592358,888557,4753,156409434.00,172071,19.37,6.20,-0.95
7-August-2017,175.00,178.25,174.70,176.30,176.678530960009078925,572755,3528,101193512.00,168764,29.47,3.55,1.30
4-August-2017,170.80,174.50,169.45,174.00,172.513202926437751458,485915,3606,83826753.00,136534,28.10,5.05,3.20
3-August-2017,175.90,175.90,169.40,170.80,171.940182791012146026,582742,4704,100196766.00,162534,27.89,6.50,-5.10
2-August-2017,174.00,176.70,172.70,175.50,175.019349099663336651,746443,4660,130641968.00,163954,21.96,4.00,1.50
1-August-2017,176.00,176.00,172.35,173.40,173.574795941719429399,668559,6110,116044992.00,221353,33.11,3.65,-2.60
31-July-2017,169.95,175.80,166.85,174.85,172.425455215551104937,1524882,10233,262928473.00,329896,21.63,8.95,4.90
28-July-2017,160.50,170.90,160.00,170.05,167.836221535377527896,1823799,11472,306099533.00,388350,21.29,10.90,9.55
27-July-2017,166.00,167.30,160.60,161.25,163.701657567313452323,1524101,9350,249497860.00,394382,25.88,6.70,-4.75
26-July-2017,156.00,164.90,153.35,160.60,159.507310006814413132,1388234,7134,221433471.00,352120,25.36,11.55,4.60
25-July-2017,154.85,155.80,153.35,155.45,154.763360587644500077,1151989,2950,178285689.00,797113,69.19,2.45,0.60
24-July-2017,153.00,154.70,152.70,154.15,153.969550706605094459,359253,2023,55314023.00,125078,34.82,2.00,1.15
21-July-2017,153.50,153.70,150.45,152.80,152.357919523916382277,343133,2487,52279030.00,88113,25.68,3.25,-0.70
20-July-2017,152.05,154.90,151.20,152.85,153.669246083526578333,670565,4254,103045218.00,196754,29.34,3.70,0.80
19-July-2017,148.20,151.40,148.20,150.25,149.555772621925386896,5015875,3326,750153061.00,84437,1.68,3.20,2.05
18-July-2017,149.95,150.80,145.20,148.15,148.921530807678826292,516381,3292,76900249.00,124702,24.15,5.60,-1.80
17-July-2017,151.00,151.00,147.85,149.00,149.275736570931078940,420394,3116,62754624.00,122576,29.16,3.15,-2.00
14-July-2017,151.70,151.90,147.90,149.55,149.609797288298127380,375410,2370,56165014.00,112908,30.08,4.00,-2.15
13-July-2017,149.60,153.45,149.40,151.00,151.370192900334827006,2401240,6035,363476162.00,1572059,65.47,4.05,1.40
12-July-2017,148.00,150.45,147.30,149.40,148.918582111139557849,300757,2027,44788306.00,83847,27.88,3.15,1.40
11-July-2017,150.00,150.55,146.65,147.80,148.728226398395712534,284737,2152,42348429.00,86766,30.47,3.90,-2.20
10-July-2017,148.00,151.70,148.00,149.80,150.137776906586827842,800947,6787,120252402.00,367009,45.82,3.70,1.80
7-July-2017,149.15,149.70,147.30,148.40,148.310007032256413908,1446193,2110,214484894.00,97292,6.73,2.40,-0.75
6-July-2017,149.10,151.40,148.65,149.25,150.209833206228037846,548102,3426,82330310.00,203678,37.16,2.75,0.15
5-July-2017,149.30,150.05,148.10,148.85,149.058382081474365100,596433,5066,88903338.00,195833,32.83,1.95,-0.45
4-July-2017,144.95,149.30,143.45,148.60,147.349651758717426216,833761,4647,122854393.00,288222,34.57,5.85,3.65
3-July-2017,145.00,145.10,143.45,144.20,144.360796925591580313,320582,2176,46279473.00,102857,32.08,1.65,-0.80
30-June-2017,142.90,144.95,140.25,143.70,142.444954380263287914,455395,2780,64868720.00,80463,17.67,4.70,0.80
29-June-2017,142.55,144.70,141.65,143.30,143.263498065505907999,535799,3317,76760439.00,148690,27.75,3.05,0.75
28-June-2017,135.90,141.80,134.60,141.10,139.140871489979796531,864703,6309,120315529.00,226242,26.16,7.20,5.20
27-June-2017,140.05,140.55,135.00,136.40,136.885781077599743388,595453,4398,81509049.00,154836,26.00,5.55,-3.65
23-June-2017,145.80,145.80,138.45,140.35,141.018643769025008606,845269,7555,119198688.00,226081,26.75,7.35,-5.45
22-June-2017,147.00,150.10,144.05,145.15,147.512326147259779925,727843,5821,107365814.00,173249,23.80,6.05,-1.85
21-June-2017,147.50,147.90,145.85,146.25,146.749652222026345599,572923,3186,84076251.00,180721,31.54,2.05,-1.25
20-June-2017,147.50,149.25,145.85,147.10,147.431409929605648818,602179,3844,88780099.00,157047,26.08,3.40,-0.40
19-June-2017,148.00,148.75,145.40,147.30,147.258077746811460893,582712,5799,85809049.00,185977,31.92,3.35,-0.70
16-June-2017,142.40,147.50,142.40,146.90,146.271637216654788358,1261403,7311,184507482.00,294187,23.32,5.10,4.50
15-June-2017,138.00,143.20,138.00,141.10,141.248188703308344318,1351794,8114,190938454.00,338367,25.03,5.20,3.10
14-June-2017,132.80,137.90,131.40,137.15,135.430129902683733478,925539,4246,125345867.00,365692,39.51,6.50,4.35
13-June-2017,131.70,134.45,131.45,132.85,133.288178626236331059,248922,1732,33178360.00,84255,33.85,3.00,1.15
12-June-2017,133.50,133.50,130.55,131.70,131.729199527075326532,5655869,2286,745043096.00,5323397,94.12,2.95,-1.80
9-June-2017,130.05,134.25,130.05,133.75,132.504210941279767771,334842,2008,44367975.00,125569,37.50,4.20,3.70
8-June-2017,133.05,133.05,130.45,131.05,131.555438739382656538,240644,1779,31658027.00,80675,33.52,2.60,-2.00
7-June-2017,131.00,133.00,130.20,132.30,131.599288315377525271,397086,2863,52256235.00,116301,29.29,2.80,1.30
6-June-2017,133.80,134.20,129.35,130.30,131.847675352562876672,732068,5208,96521464.00,199781,27.29,4.85,-3.50
5-June-2017,129.00,132.50,128.30,132.05,131.110060891294066821,611089,3734,80119916.00,199227,32.60,4.20,3.05
2-June-2017,127.50,129.20,126.35,128.35,127.837417598375877557,340861,2474,43574790.00,123275,36.17,2.85,0.85
1-June-2017,128.10,128.80,126.50,127.25,127.289661761193481416,326574,2008,41569494.00,66746,20.44,2.30,-0.85
31-May-2017,126.95,129.55,126.60,128.45,128.166420210586327923,336774,3022,43163118.00,144102,42.79,2.95,1.50
30-May-2017,126.80,128.00,125.80,126.65,126.634281228041258577,230546,1478,29195027.00,52408,22.73,2.20,-0.15
29-May-2017,132.00,132.00,125.55,127.35,128.371897743020224631,412764,2417,52987298.00,104936,25.42,6.45,-4.65
26-May-2017,129.90,131.90,128.20,130.90,130.006714284953934097,375766,2655,48852103.00,105986,28.21,3.70,1.00
25-May-2017,124.85,130.50,124.55,129.05,127.760802969334271461,505972,2723,64643389.00,166383,32.88,5.95,4.20
24-May-2017,127.30,128.70,123.30,124.30,125.789465306088696673,483716,3102,60846377.00,102902,21.27,5.40,-3.00
23-May-2017,124.00,129.40,119.10,126.40,125.457546596444706846,978991,5519,122821809.00,234665,23.97,10.30,2.40
22-May-2017,127.90,128.65,123.00,123.80,125.684344559916380593,383643,1983,48217919.00,133848,34.89,5.65,-4.10
19-May-2017,130.00,131.60,126.00,126.85,128.205938835825817826,394185,3240,50536858.00,139150,35.30,5.60,-3.15
18-May-2017,132.00,132.40,128.30,129.10,130.370868286698778661,277155,2162,36132938.00,108036,38.98,4.10,-2.90
17-May-2017,134.00,134.50,132.10,132.55,133.164136917531966017,186448,1198,24828187.00,60068,32.22,2.40,-1.45
16-May-2017,134.00,134.90,133.65,134.15,134.264996400570032174,204199,1144,27416778.00,72661,35.58,1.25,0.15
15-May-2017,131.30,134.30,131.15,133.75,133.111753552771931471,383433,2117,51039439.00,105612,27.54,3.15,2.45
12-May-2017,133.30,133.60,130.40,131.40,131.753540215162277382,309162,3598,40733188.00,128801,41.66,3.20,-1.90
11-May-2017,134.90,135.35,132.70,133.60,133.965650395729949478,245243,1977,32854138.00,101433,41.36,2.65,-1.30
10-May-2017,135.00,136.60,134.35,134.70,135.360486266901109561,296874,2185,40185009.00,112457,37.88,2.25,-0.30
9-May-2017,136.50,136.50,133.95,134.25,134.880312058052998863,258798,1571,34906755.00,103598,40.03,2.55,-2.25
8-May-2017,134.90,136.85,133.45,135.65,135.367203577144889611,393610,3147,53281885.00,142580,36.22,3.40,0.75
5-May-2017,138.00,140.30,132.15,133.05,136.184923990716024437,1377858,9198,187643487.00,387003,28.09,8.15,-4.95
4-May-2017,134.90,136.90,133.65,135.95,135.867179073229278140,707381,4625,96109861.00,200271,28.31,3.25,1.05
3-May-2017,134.50,135.75,132.25,134.05,133.800124572148767218,683941,4192,91511391.00,187222,27.37,3.50,-0.45
2-May-2017,127.30,134.50,127.30,134.05,132.151735122237156069,1182251,7404,156236521.00,366600,31.01,7.20,6.75
28-April-2017,127.95,128.10,126.50,127.25,127.255169925466084102,202324,1607,25746775.00,66900,33.07,1.60,-0.70
27-April-2017,127.00,129.10,126.55,127.60,128.016053662694522214,296817,2547,37997341.00,98711,33.26,2.55,0.60
26-April-2017,128.30,129.45,125.50,127.40,127.618925787579525490,293145,2730,37410850.00,109656,37.41,3.95,-0.90
25-April-2017,128.75,129.70,128.00,128.40,128.839767898752684241,372079,3146,47938572.00,126364,33.96,1.70,-0.35
24-April-2017,128.00,129.30,127.35,128.10,128.215785219603547577,452816,2942,58058159.00,121512,26.83,1.95,0.10
21-April-2017,127.50,128.80,125.75,126.35,127.267397305052119275,330396,1803,42048639.00,84842,25.68,3.05,-1.15
20-April-2017,126.00,128.05,126.00,127.10,127.180371799617428079,451157,2434,57378315.00,111382,24.69,2.05,1.10
19-April-2017,123.90,126.60,123.40,125.75,125.289660147752120930,536439,3116,67210260.00,119574,22.29,3.20,1.85
18-April-2017,123.50,129.40,122.90,124.10,126.101803570357635487,1250575,6824,157699763.00,208076,16.64,6.50,0.60
17-April-2017,121.65,123.55,120.90,123.15,122.330434109327414442,309968,1411,37918520.00,104843,33.82,2.65,1.50
13-April-2017,123.05,123.90,121.05,121.65,122.303829211915042086,183432,1455,22434436.00,67000,36.53,2.85,-1.40
12-April-2017,125.20,126.00,122.70,123.75,124.477476648865075156,511003,3064,63608364.00,112902,22.09,3.30,-1.45
11-April-2017,121.50,125.70,121.50,124.95,123.987625655594405594,329472,5494,40850451.00,134463,40.81,4.20,3.45
10-April-2017,120.70,122.50,119.35,121.95,120.256430258691265193,958865,1678,115309682.00,752432,78.47,3.15,1.25
7-April-2017,122.75,123.55,120.00,120.70,122.039474881393384025,230805,1506,28167321.00,87922,38.09,3.55,-2.05
6-April-2017,123.80,125.00,122.50,123.45,123.620634568591715443,311109,2190,38459492.00,110764,35.60,2.50,-0.35
5-April-2017,123.50,124.95,123.10,123.85,124.078653101182187385,309511,3551,38403708.00,144999,46.85,1.85,0.35
3-April-2017,123.20,124.55,123.00,123.80,123.822646468508076077,209260,1354,25911127.00,76967,36.78,1.55,0.60
31-March-2017,123.00,124.00,121.55,123.45,122.936460911967927768,870535,1966,107020492.00,77336,8.88,2.45,0.45
30-March-2017,123.00,123.90,122.40,123.20,123.226402131914390859,228527,1298,28160560.00,68005,29.76,1.50,0.20
29-March-2017,122.60,123.10,121.45,122.65,122.627879256281445679,520143,2044,63784033.00,120511,23.17,1.65,0.05
28-March-2017,120.80,122.70,118.00,121.70,121.515352811385606244,341273,3172,41469909.00,125762,36.85,4.70,0.90
27-March-2017,120.95,121.35,119.50,120.10,120.138046903689267258,416641,1745,50054436.00,112049,26.89,1.85,-0.85
24-March-2017,122.00,122.55,120.55,120.85,121.486791397185003945,239503,1853,29096451.00,90937,37.97,2.00,-1.15
23-March-2017,122.90,122.90,121.05,121.50,121.683080393969209974,201234,1229,24486773.00,74405,36.97,1.85,-1.40
22-March-2017,121.50,122.85,121.25,121.75,122.043249028038152542,267243,2231,32615204.00,92085,34.46,1.60,0.25
21-March-2017,122.65,123.95,122.25,122.70,122.918264974203110180,412259,2487,50674161.00,183974,44.63,1.70,0.05
20-March-2017,122.10,123.50,121.15,122.70,122.266260325437390626,6128675,3126,749330173.00,5713213,93.22,2.35,0.60
17-March-2017,122.00,124.10,119.90,121.45,121.954028474191582285,831841,4677,101446361.00,170024,20.44,4.20,-0.55
16-March-2017,121.90,123.00,121.50,122.30,122.391832950097651826,375313,2733,45935246.00,142946,38.09,1.50,0.40
15-March-2017,121.50,122.80,120.70,121.00,121.612053563974553772,359346,3109,43700805.00,132936,36.99,2.10,-0.50
14-March-2017,119.95,122.50,119.00,121.55,121.151743412214207686,963943,7009,116783375.00,393864,40.86,3.50,1.60
10-March-2017,119.20,119.80,116.50,117.30,118.244467097478838627,274675,2126,32478799.00,84482,30.76,3.30,-1.90
9-March-2017,119.70,120.20,118.55,118.90,119.419425949563597474,289870,2272,34616109.00,77983,26.90,1.65,-0.80
8-March-2017,120.55,121.45,118.40,120.15,120.258549186154471072,1102912,7578,132634597.00,276546,25.07,3.05,-0.40
7-March-2017,115.00,120.00,114.90,119.65,118.016463553196324297,783306,4748,92443004.00,213119,27.21,5.10,4.65
6-March-2017,115.80,116.30,114.70,115.65,115.563395339714721932,260027,2374,30049603.00,113171,43.52,1.60,-0.15
3-March-2017,113.00,115.75,112.75,115.20,114.269939868227982852,347570,2217,39716803.00,114937,33.07,3.00,2.20
2-March-2017,116.50,118.15,112.75,113.70,116.046502109948551939,432475,3240,50187211.00,138458,32.02,5.40,-2.80
1-March-2017,116.50,117.90,116.00,116.35,116.812443577080346237,301296,1771,35195122.00,120021,39.83,1.90,-0.15
28-February-2017,116.70,117.40,115.90,116.45,116.563442780003483713,229640,1856,26767629.00,83161,36.21,1.50,-0.25
27-February-2017,116.00,118.50,115.40,116.25,116.938187947165657677,523296,3707,61193286.00,156326,29.87,3.10,0.25
23-February-2017,118.00,118.40,115.55,116.30,117.008434160020925719,328782,2940,38470267.00,114437,34.81,2.85,-1.70
22-February-2017,117.50,119.50,116.05,117.10,117.513537371293118348,647984,5158,76146892.00,206343,31.84,3.45,-0.40
21-February-2017,119.00,119.00,116.30,117.50,117.367512253906355783,590832,3626,69344482.00,152365,25.79,2.70,-1.50
20-February-2017,117.40,118.75,116.70,118.20,117.879109284196760848,490931,4696,57870509.00,174846,35.62,2.05,0.80
17-February-2017,115.20,117.85,114.50,117.40,116.343958099297022479,1036164,9753,120551421.00,395692,38.19,3.35,2.20
16-February-2017,110.00,115.00,108.80,114.35,112.615512381567071233,991595,6070,111668979.00,502131,50.64,6.20,4.35
15-February-2017,112.80,113.50,108.95,110.00,111.167653972990382021,726556,6149,80769526.00,258655,35.60,4.55,-2.80
14-February-2017,109.90,113.20,109.35,112.40,112.080987459597679517,836895,6764,93800018.00,309469,36.98,3.85,2.50
13-February-2017,110.00,111.00,107.35,109.75,109.556902514368700232,650024,3675,71214616.00,205011,31.54,3.65,-0.25
10-February-2017,107.00,110.30,106.65,109.55,108.837343144705380808,863216,4656,93950136.00,281522,32.61,3.65,2.55
9-February-2017,108.55,109.90,104.65,107.00,107.187303134765806535,968302,5042,103789680.00,198750,20.53,5.25,-1.55
8-February-2017,103.90,109.25,103.75,108.25,107.101517721600804979,1144874,5180,122617743.00,325053,28.39,5.50,4.35
7-February-2017,104.05,105.25,102.65,103.75,104.054453630762031042,256420,1451,26681643.00,62652,24.43,2.60,-0.30
6-February-2017,104.80,105.85,104.35,104.90,105.167419785897444068,470709,2401,49503251.00,150456,31.96,1.50,0.10
3-February-2017,103.00,105.25,102.60,104.75,104.228152289638882262,687532,3361,71660190.00,207484,30.18,2.65,1.75
2-February-2017,103.00,104.30,101.00,102.45,102.609502536608865590,805406,4342,82642309.00,200456,24.89,3.30,-0.55
1-February-2017,98.00,103.65,96.90,102.85,101.313136896134251050,1130777,5497,114562565.00,311557,27.55,6.75,4.85
